Date,Close,Volume,Stock,Close,Volume,Close,Volume,Close,Volume,Close,Volume
,PTT.BK,PTT.BK,,ADVANC.BK,ADVANC.BK,SCB.BK,SCB.BK,CPALL.BK,CPALL.BK,KBANK.BK,KBANK.BK
2024-01-03,31.873550415039062,32190700.0,PTT,,,,,,,,
2024-01-04,32.099605560302734,80609500.0,PTT,,,,,,,,
2024-01-05,31.873550415039062,21692900.0,PTT,,,,,,,,
2024-01-08,32.099605560302734,29953100.0,PTT,,,,,,,,
2024-01-09,31.873550415039062,51337400.0,PTT,,,,,,,,
2024-01-10,31.873550415039062,27180000.0,PTT,,,,,,,,
2024-01-11,31.64749526977539,8032800.0,PTT,,,,,,,,
2024-01-12,30.969335556030273,77705300.0,PTT,,,,,,,,
2024-01-15,30.291175842285156,60579100.0,PTT,,,,,,,,
2024-01-16,30.517230987548828,44606100.0,PTT,,,,,,,,
2024-01-17,30.291175842285156,83651300.0,PTT,,,,,,,,
2024-01-18,30.517230987548828,56301400.0,PTT,,,,,,,,
2024-01-19,30.969335556030273,55437000.0,PTT,,,,,,,,
2024-01-22,30.7432804107666,20909000.0,PTT,,,,,,,,
2024-01-23,30.7432804107666,38875800.0,PTT,,,,,,,,
2024-01-24,30.969335556030273,28836900.0,PTT,,,,,,,,
2024-01-25,30.969335556030273,21760400.0,PTT,,,,,,,,
2024-01-26,30.7432804107666,16987200.0,PTT,,,,,,,,
2024-01-29,31.195390701293945,28776500.0,PTT,,,,,,,,
2024-01-30,30.7432804107666,35241900.0,PTT,,,,,,,,
2024-01-31,30.517230987548828,47266600.0,PTT,,,,,,,,
2024-02-01,30.969335556030273,36959700.0,PTT,,,,,,,,
2024-02-02,30.7432804107666,19403200.0,PTT,,,,,,,,
2024-02-05,30.7432804107666,27945300.0,PTT,,,,,,,,
2024-02-06,30.969335556030273,20578900.0,PTT,,,,,,,,
2024-02-07,31.64749526977539,43166300.0,PTT,,,,,,,,
2024-02-08,31.42144012451172,39944600.0,PTT,,,,,,,,
2024-02-09,31.64749526977539,15907400.0,PTT,,,,,,,,
2024-02-12,31.42144012451172,6057800.0,PTT,,,,,,,,
2024-02-13,31.64749526977539,27500600.0,PTT,,,,,,,,
2024-02-14,31.42144012451172,23687100.0,PTT,,,,,,,,
2024-02-15,31.42144012451172,25626000.0,PTT,,,,,,,,
2024-02-16,32.32565689086914,86147000.0,PTT,,,,,,,,
2024-02-19,32.32565689086914,37320000.0,PTT,,,,,,,,
2024-02-20,32.32565689086914,23171400.0,PTT,,,,,,,,
2024-02-21,32.55171203613281,41840800.0,PTT,,,,,,,,
2024-02-22,32.55171203613281,41100400.0,PTT,,,,,,,,
2024-02-23,32.55171203613281,48602500.0,PTT,,,,,,,,
2024-02-27,32.32565689086914,47957600.0,PTT,,,,,,,,
2024-02-28,32.099605560302734,41754200.0,PTT,,,,,,,,
2024-02-29,32.05281066894531,72863600.0,PTT,,,,,,,,
2024-03-01,31.81884765625,32854700.0,PTT,,,,,,,,
2024-03-04,32.05281066894531,42686500.0,PTT,,,,,,,,
2024-03-05,32.05281066894531,27978000.0,PTT,,,,,,,,
2024-03-06,32.05281066894531,28711800.0,PTT,,,,,,,,
2024-03-07,32.286773681640625,56735600.0,PTT,,,,,,,,
2024-03-08,31.81884765625,46329600.0,PTT,,,,,,,,
2024-03-11,31.584888458251953,36316500.0,PTT,,,,,,,,
2024-03-12,31.584888458251953,0.0,PTT,,,,,,,,
2024-03-13,32.05281066894531,24096500.0,PTT,,,,,,,,
2024-03-14,32.52073287963867,65262600.0,PTT,,,,,,,,
2024-03-15,32.52073287963867,0.0,PTT,,,,,,,,
2024-03-18,32.05281066894531,42992200.0,PTT,,,,,,,,
2024-03-19,32.286773681640625,9841600.0,PTT,,,,,,,,
2024-03-20,32.286773681640625,0.0,PTT,,,,,,,,
2024-03-21,32.05281066894531,20317100.0,PTT,,,,,,,,
2024-03-22,32.05281066894531,0.0,PTT,,,,,,,,
2024-03-25,31.584888458251953,69549100.0,PTT,,,,,,,,
2024-03-26,31.584888458251953,0.0,PTT,,,,,,,,
2024-03-27,31.584888458251953,6680800.0,PTT,,,,,,,,
2024-03-28,31.584888458251953,0.0,PTT,,,,,,,,
2024-03-29,31.81884765625,12813100.0,PTT,,,,,,,,
2024-04-01,31.584888458251953,39930400.0,PTT,,,,,,,,
2024-04-02,31.81884765625,35655800.0,PTT,,,,,,,,
2024-04-03,32.286773681640625,40357800.0,PTT,,,,,,,,
2024-04-04,32.286773681640625,0.0,PTT,,,,,,,,
2024-04-05,32.52073287963867,25086500.0,PTT,,,,,,,,
2024-04-09,32.52073287963867,0.0,PTT,,,,,,,,
2024-04-10,32.52073287963867,0.0,PTT,,,,,,,,
2024-04-11,32.52073287963867,33644800.0,PTT,,,,,,,,
2024-04-17,32.52073287963867,0.0,PTT,,,,,,,,
2024-04-18,32.52073287963867,0.0,PTT,,,,,,,,
2024-04-19,32.52073287963867,0.0,PTT,,,,,,,,
2024-04-22,31.584888458251953,15080400.0,PTT,,,,,,,,
2024-04-23,31.81884765625,24988300.0,PTT,,,,,,,,
2024-04-24,31.81884765625,0.0,PTT,,,,,,,,
2024-04-25,31.584888458251953,6503500.0,PTT,,,,,,,,
2024-04-26,31.584888458251953,32118100.0,PTT,,,,,,,,
2024-04-29,31.584888458251953,56874300.0,PTT,,,,,,,,
2024-04-30,31.584888458251953,17428200.0,PTT,,,,,,,,
2024-05-02,31.116962432861328,39656500.0,PTT,,,,,,,,
2024-05-03,31.584888458251953,32885000.0,PTT,,,,,,,,
2024-05-07,31.584888458251953,0.0,PTT,,,,,,,,
2024-05-08,31.584888458251953,63054700.0,PTT,,,,,,,,
2024-05-09,31.584888458251953,20770900.0,PTT,,,,,,,,
2024-05-10,31.584888458251953,11790800.0,PTT,,,,,,,,
2024-05-13,31.584888458251953,4738100.0,PTT,,,,,,,,
2024-05-14,31.81884765625,16463600.0,PTT,,,,,,,,
2024-05-15,31.81884765625,0.0,PTT,,,,,,,,
2024-05-16,31.81884765625,0.0,PTT,,,,,,,,
2024-05-17,31.584888458251953,10665700.0,PTT,,,,,,,,
2024-05-20,31.584888458251953,0.0,PTT,,,,,,,,
2024-05-21,31.584888458251953,0.0,PTT,,,,,,,,
2024-05-23,31.35092544555664,35105600.0,PTT,,,,,,,,
2024-05-24,31.35092544555664,0.0,PTT,,,,,,,,
2024-05-27,31.35092544555664,55968100.0,PTT,,,,,,,,
2024-05-28,30.88300132751465,66022900.0,PTT,,,,,,,,
2024-05-29,30.649038314819336,83231800.0,PTT,,,,,,,,
2024-05-30,30.649038314819336,0.0,PTT,,,,,,,,
2024-05-31,30.649038314819336,0.0,PTT,,,,,,,,
2024-06-04,30.415077209472656,35393400.0,PTT,,,,,,,,
2024-06-05,30.649038314819336,19277800.0,PTT,,,,,,,,
2024-06-06,29.94715118408203,63670200.0,PTT,,,,,,,,
2024-06-07,29.94715118408203,0.0,PTT,,,,,,,,
2024-06-10,30.181114196777344,23058700.0,PTT,,,,,,,,
2024-06-11,29.94715118408203,24149300.0,PTT,,,,,,,,
2024-06-12,29.94715118408203,29755300.0,PTT,,,,,,,,
2024-06-13,29.71319007873535,32166200.0,PTT,,,,,,,,
2024-06-14,29.71319007873535,23980700.0,PTT,,,,,,,,
2024-06-17,29.71319007873535,0.0,PTT,,,,,,,,
2024-06-18,29.71319007873535,0.0,PTT,,,,,,,,
2024-06-19,29.71319007873535,0.0,PTT,,,,,,,,
2024-06-20,30.181114196777344,25575700.0,PTT,,,,,,,,
2024-06-21,29.94715118408203,35584700.0,PTT,,,,,,,,
2024-06-24,29.94715118408203,0.0,PTT,,,,,,,,
2024-06-25,29.94715118408203,0.0,PTT,,,,,,,,
2024-06-26,29.94715118408203,0.0,PTT,,,,,,,,
2024-06-27,30.415077209472656,13045100.0,PTT,,,,,,,,
2024-06-28,30.415077209472656,21755800.0,PTT,,,,,,,,
2024-07-01,30.415077209472656,0.0,PTT,,,,,,,,
2024-07-02,30.415077209472656,0.0,PTT,,,,,,,,
2024-07-03,30.649038314819336,10114800.0,PTT,,,,,,,,
2024-07-04,30.649038314819336,13980500.0,PTT,,,,,,,,
2024-07-05,30.88300132751465,4758600.0,PTT,,,,,,,,
2024-07-08,30.88300132751465,13042600.0,PTT,,,,,,,,
2024-07-09,30.88300132751465,0.0,PTT,,,,,,,,
2024-07-10,31.116962432861328,17480800.0,PTT,,,,,,,,
2024-07-11,31.116962432861328,0.0,PTT,,,,,,,,
2024-07-12,31.116962432861328,0.0,PTT,,,,,,,,
2024-07-15,31.116962432861328,0.0,PTT,,,,,,,,
2024-07-16,29.94715118408203,40206600.0,PTT,,,,,,,,
2024-07-17,29.94715118408203,0.0,PTT,,,,,,,,
2024-07-18,30.415077209472656,14775000.0,PTT,,,,,,,,
2024-07-19,30.181114196777344,21537500.0,PTT,,,,,,,,
2024-07-23,29.94715118408203,22822100.0,PTT,,,,,,,,
2024-07-24,29.71319007873535,23816000.0,PTT,,,,,,,,
2024-07-25,29.71319007873535,25980600.0,PTT,,,,,,,,
2024-07-26,29.71319007873535,18522800.0,PTT,,,,,,,,
2024-07-30,29.71319007873535,0.0,PTT,,,,,,,,
2024-07-31,29.94715118408203,33634100.0,PTT,,,,,,,,
2024-08-01,29.71319007873535,24674200.0,PTT,,,,,,,,
2024-08-02,29.71319007873535,0.0,PTT,,,,,,,,
2024-08-05,29.24526596069336,37553100.0,PTT,,,,,,,,
2024-08-06,29.71319007873535,15129500.0,PTT,,,,,,,,
2024-08-07,29.94715118408203,12872100.0,PTT,,,,,,,,
2024-08-08,29.94715118408203,0.0,PTT,,,,,,,,
2024-08-09,31.116962432861328,82898900.0,PTT,,,,,,,,
2024-08-13,32.05281066894531,84608600.0,PTT,,,,,,,,
2024-08-14,31.584888458251953,71902700.0,PTT,,,,,,,,
2024-08-15,31.584888458251953,0.0,PTT,,,,,,,,
2024-08-16,32.05281066894531,33174800.0,PTT,,,,,,,,
2024-08-19,32.05281066894531,0.0,PTT,,,,,,,,
2024-08-20,32.05281066894531,30248300.0,PTT,,,,,,,,
2024-08-21,32.05281066894531,22283900.0,PTT,,,,,,,,
2024-08-22,32.05281066894531,0.0,PTT,,,,,,,,
2024-08-23,32.286773681640625,45905800.0,PTT,,,,,,,,
2024-08-26,32.52073287963867,15942500.0,PTT,,,,,,,,
2024-08-27,32.286773681640625,45996900.0,PTT,,,,,,,,
2024-08-28,31.85564422607422,53671900.0,PTT,,,,,,,,
2024-08-29,32.09516143798828,6356600.0,PTT,,,,,,,,
2024-08-30,32.09516143798828,63780300.0,PTT,,,,,,,,
2024-09-02,32.09516143798828,0.0,PTT,,,,,,,,
2024-09-03,32.09516143798828,0.0,PTT,,,,,,,,
2024-09-04,32.09516143798828,0.0,PTT,,,,,,,,
2024-09-05,32.334678649902344,104377100.0,PTT,,,,,,,,
2024-09-06,33.29273986816406,75294800.0,PTT,,,,,,,,
2024-09-09,33.29273986816406,0.0,PTT,,,,,,,,
2024-09-10,32.334678649902344,56443000.0,PTT,,,,,,,,
2024-09-11,31.61612892150879,111564700.0,PTT,,,,,,,,
2024-09-12,31.61612892150879,33553800.0,PTT,,,,,,,,
2024-09-13,31.61612892150879,47273100.0,PTT,,,,,,,,
2024-09-16,31.61612892150879,0.0,PTT,,,,,,,,
2024-09-17,31.61612892150879,0.0,PTT,,,,,,,,
2024-09-18,31.61612892150879,0.0,PTT,,,,,,,,
2024-09-19,31.61612892150879,0.0,PTT,,,,,,,,
2024-09-20,31.61612892150879,0.0,PTT,,,,,,,,
2024-09-23,31.85564422607422,30278900.0,PTT,,,,,,,,
2024-09-24,32.334678649902344,38595900.0,PTT,,,,,,,,
2024-09-25,32.09516143798828,28629800.0,PTT,,,,,,,,
2024-09-26,32.09516143798828,32310700.0,PTT,,,,,,,,
2024-09-27,32.09516143798828,0.0,PTT,,,,,,,,
2024-09-30,32.57419204711914,27238000.0,PTT,,,,,,,,
2024-10-01,32.57419204711914,0.0,PTT,,,,,,,,
2024-10-02,32.09516143798828,17749300.0,PTT,,,,,,,,
2024-10-03,32.09516143798828,9085400.0,PTT,,,,,,,,
2024-10-04,32.09516143798828,0.0,PTT,,,,,,,,
2024-10-07,32.57419204711914,15970700.0,PTT,,,,,,,,
2024-10-08,32.334678649902344,14942600.0,PTT,,,,,,,,
2024-10-09,32.09516143798828,15564000.0,PTT,,,,,,,,
2024-10-10,32.09516143798828,7270600.0,PTT,,,,,,,,
2024-10-11,32.8137092590332,118991700.0,PTT,,,,,,,,
2024-10-15,32.09516143798828,37933300.0,PTT,,,,,,,,
2024-10-16,32.09516143798828,0.0,PTT,,,,,,,,
2024-10-17,32.334678649902344,26255800.0,PTT,,,,,,,,
2024-10-18,32.334678649902344,14803700.0,PTT,,,,,,,,
2024-10-21,32.57419204711914,19053500.0,PTT,,,,,,,,
2024-10-22,32.57419204711914,0.0,PTT,,,,,,,,
2024-10-24,32.09516143798828,10521700.0,PTT,,,,,,,,
2024-10-25,32.09516143798828,0.0,PTT,,,,,,,,
2024-10-28,32.8137092590332,75145700.0,PTT,,,,,,,,
2024-10-29,32.8137092590332,0.0,PTT,,,,,,,,
2024-10-30,32.09516143798828,34992500.0,PTT,,,,,,,,
2024-10-31,32.09516143798828,17976900.0,PTT,,,,,,,,
2024-11-01,32.334678649902344,18419000.0,PTT,,,,,,,,
2024-11-04,32.09516143798828,9630000.0,PTT,,,,,,,,
2024-11-05,32.334678649902344,30125100.0,PTT,,,,,,,,
2024-11-06,32.09516143798828,16566200.0,PTT,,,,,,,,
2024-11-07,32.09516143798828,7865000.0,PTT,,,,,,,,
2024-11-08,31.85564422607422,17067700.0,PTT,,,,,,,,
2024-11-11,31.61612892150879,15618100.0,PTT,,,,,,,,
2024-11-12,31.61612892150879,10463600.0,PTT,,,,,,,,
2024-11-13,31.376611709594727,18111000.0,PTT,,,,,,,,
2024-11-14,31.137096405029297,35789000.0,PTT,,,,,,,,
2024-11-15,31.137096405029297,10765100.0,PTT,,,,,,,,
2024-11-18,30.897579193115234,23568700.0,PTT,,,,,,,,
2024-11-19,31.137096405029297,28461900.0,PTT,,,,,,,,
2024-11-20,30.897579193115234,14781400.0,PTT,,,,,,,,
2024-11-21,31.61612892150879,37966000.0,PTT,,,,,,,,
2024-11-22,32.334678649902344,21975600.0,PTT,,,,,,,,
2024-11-25,31.85564422607422,38123400.0,PTT,,,,,,,,
2024-11-26,31.61612892150879,21457400.0,PTT,,,,,,,,
2024-11-27,31.137096405029297,11700600.0,PTT,,,,,,,,
2024-11-28,30.897579193115234,20784500.0,PTT,,,,,,,,
2024-11-29,30.897579193115234,18006700.0,PTT,,,,,,,,
2024-12-02,30.897579193115234,24802600.0,PTT,,,,,,,,
2024-12-03,30.897579193115234,17691100.0,PTT,,,,,,,,
2024-12-04,30.897579193115234,30338600.0,PTT,,,,,,,,
2024-12-06,30.897579193115234,24310500.0,PTT,,,,,,,,
2024-12-09,30.658063888549805,12600200.0,PTT,,,,,,,,
2024-12-11,30.897579193115234,33668400.0,PTT,,,,,,,,
2024-12-12,30.418548583984375,21679200.0,PTT,,,,,,,,
2024-12-13,30.418548583984375,5701800.0,PTT,,,,,,,,
2024-12-16,30.658063888549805,23994800.0,PTT,,,,,,,,
2024-12-17,30.897579193115234,18774500.0,PTT,,,,,,,,
2024-12-18,31.137096405029297,29184800.0,PTT,,,,,,,,
2024-12-19,30.418548583984375,35334500.0,PTT,,,,,,,,
2024-12-20,29.69999885559082,78567400.0,PTT,,,,,,,,
2024-12-23,29.939516067504883,18484200.0,PTT,,,,,,,,
2024-12-24,30.179031372070312,16269300.0,PTT,,,,,,,,
2024-12-25,30.179031372070312,14585100.0,PTT,,,,,,,,
2024-12-26,29.939516067504883,16854100.0,PTT,,,,,,,,
2024-12-27,30.418548583984375,21344300.0,PTT,,,,,,,,
2024-12-30,30.418548583984375,12242200.0,PTT,,,,,,,,
2025-01-02,30.418548583984375,15869400.0,PTT,,,,,,,,
2025-01-03,30.658063888549805,11683300.0,PTT,,,,,,,,
2025-01-06,30.658063888549805,21436600.0,PTT,,,,,,,,
2025-01-07,30.658063888549805,27710300.0,PTT,,,,,,,,
2025-01-08,30.179031372070312,23137600.0,PTT,,,,,,,,
2025-01-09,30.179031372070312,19876400.0,PTT,,,,,,,,
2025-01-10,29.939516067504883,32576800.0,PTT,,,,,,,,
2025-01-13,29.939516067504883,23360500.0,PTT,,,,,,,,
2025-01-14,28.9814510345459,74724200.0,PTT,,,,,,,,
2025-01-15,29.939516067504883,27152600.0,PTT,,,,,,,,
2025-01-16,29.69999885559082,47515200.0,PTT,,,,,,,,
2025-01-17,29.46048355102539,32420200.0,PTT,,,,,,,,
2025-01-20,29.46048355102539,18689100.0,PTT,,,,,,,,
2025-01-21,29.939516067504883,40292900.0,PTT,,,,,,,,
2025-01-22,29.939516067504883,20600800.0,PTT,,,,,,,,
2025-01-23,29.220966339111328,44482600.0,PTT,,,,,,,,
2025-01-24,29.46048355102539,26775900.0,PTT,,,,,,,,
2025-01-27,29.46048355102539,19802900.0,PTT,,,,,,,,
2025-01-28,29.69999885559082,15403000.0,PTT,,,,,,,,
2025-01-29,29.69999885559082,4736300.0,PTT,,,,,,,,
2025-01-30,29.69999885559082,4855300.0,PTT,,,,,,,,
2025-01-31,30.179031372070312,40135000.0,PTT,,,,,,,,
2025-02-03,29.69999885559082,50620400.0,PTT,,,,,,,,
2025-02-04,29.46048355102539,39102300.0,PTT,,,,,,,,
2025-02-05,28.74193572998047,35088900.0,PTT,,,,,,,,
2025-02-06,28.9814510345459,38887600.0,PTT,,,,,,,,
2025-02-07,29.46048355102539,41157300.0,PTT,,,,,,,,
2025-02-10,28.9814510345459,48121500.0,PTT,,,,,,,,
2025-02-11,29.220966339111328,14977900.0,PTT,,,,,,,,
2025-02-13,28.9814510345459,30759000.0,PTT,,,,,,,,
2025-02-14,29.69999885559082,58961600.0,PTT,,,,,,,,
2025-02-17,29.939516067504883,41727400.0,PTT,,,,,,,,
2025-02-18,30.179031372070312,39307100.0,PTT,,,,,,,,
2025-02-19,30.179031372070312,40329100.0,PTT,,,,,,,,
2025-02-20,30.179031372070312,43379300.0,PTT,,,,,,,,
2025-02-21,30.897579193115234,53283400.0,PTT,,,,,,,,
2025-02-24,30.897579193115234,35309900.0,PTT,,,,,,,,
2025-02-25,30.897579193115234,56817200.0,PTT,,,,,,,,
2025-02-26,30.658063888549805,42289400.0,PTT,,,,,,,,
2025-02-27,30.418548583984375,27707600.0,PTT,,,,,,,,
2025-02-28,30.179031372070312,78835600.0,PTT,,,,,,,,
2025-03-03,29.69999885559082,43412100.0,PTT,,,,,,,,
2025-03-04,29.46048355102539,40053400.0,PTT,,,,,,,,
2025-03-05,29.69999885559082,43113200.0,PTT,,,,,,,,
2025-03-06,29.75,52970100.0,PTT,,,,,,,,
2025-03-07,29.75,37345200.0,PTT,,,,,,,,
2025-03-10,28.25,92884400.0,PTT,,,,,,,,
2025-03-11,28.0,126369200.0,PTT,,,,,,,,
2025-03-12,27.25,88194200.0,PTT,,,,,,,,
2025-03-13,27.25,40928000.0,PTT,,,,,,,,
2025-03-14,29.0,92957300.0,PTT,,,,,,,,
2025-03-17,29.5,78375800.0,PTT,,,,,,,,
2025-03-18,29.5,58312500.0,PTT,,,,,,,,
2025-03-19,29.75,57656100.0,PTT,,,,,,,,
2025-03-20,30.75,97709700.0,PTT,,,,,,,,
2025-03-21,31.75,82292500.0,PTT,,,,,,,,
2025-03-24,32.25,60701300.0,PTT,,,,,,,,
2025-03-25,32.5,55017000.0,PTT,,,,,,,,
2025-03-26,32.5,30966300.0,PTT,,,,,,,,
2025-03-27,32.5,29589700.0,PTT,,,,,,,,
2025-03-28,32.0,27547300.0,PTT,,,,,,,,
2025-03-31,32.0,40124600.0,PTT,,,,,,,,
2025-04-01,32.0,24892400.0,PTT,,,,,,,,
2025-04-02,32.25,32787700.0,PTT,,,,,,,,
2025-04-03,32.25,36044100.0,PTT,,,,,,,,
2025-04-04,31.5,61283900.0,PTT,,,,,,,,
2025-04-08,30.25,73333600.0,PTT,,,,,,,,
2025-04-09,30.5,51082000.0,PTT,,,,,,,,
2025-04-10,30.75,85360700.0,PTT,,,,,,,,
2025-04-11,31.5,53493900.0,PTT,,,,,,,,
2025-04-16,31.0,42868900.0,PTT,,,,,,,,
2025-04-17,30.75,17112300.0,PTT,,,,,,,,
2025-04-18,31.0,36229600.0,PTT,,,,,,,,
2025-04-21,30.75,39254200.0,PTT,,,,,,,,
2025-04-22,30.5,22245800.0,PTT,,,,,,,,
2025-04-23,30.5,36211500.0,PTT,,,,,,,,
2025-04-24,30.25,13586800.0,PTT,,,,,,,,
2025-04-25,30.5,9162000.0,PTT,,,,,,,,
2025-04-28,30.75,15194900.0,PTT,,,,,,,,
2025-04-29,30.75,11992100.0,PTT,,,,,,,,
2025-04-30,31.0,27889300.0,PTT,,,,,,,,
2025-05-02,31.25,31531400.0,PTT,,,,,,,,
2025-05-06,30.75,19733400.0,PTT,,,,,,,,
2025-05-07,31.5,52060700.0,PTT,,,,,,,,
2025-05-08,31.0,36019200.0,PTT,,,,,,,,
2025-05-09,31.25,29798300.0,PTT,,,,,,,,
2025-05-13,31.0,81889800.0,PTT,,,,,,,,
2025-05-14,31.25,36743400.0,PTT,,,,,,,,
2025-05-15,31.0,49774200.0,PTT,,,,,,,,
2025-05-16,31.25,30926700.0,PTT,,,,,,,,
2025-05-19,31.0,32321500.0,PTT,,,,,,,,
2025-05-20,30.75,10621300.0,PTT,,,,,,,,
2025-05-21,30.75,57019900.0,PTT,,,,,,,,
2025-05-22,30.5,32095000.0,PTT,,,,,,,,
2025-05-23,30.5,26930600.0,PTT,,,,,,,,
2025-05-26,30.25,29419300.0,PTT,,,,,,,,
2025-05-27,30.25,48403000.0,PTT,,,,,,,,
2025-05-28,30.25,16106200.0,PTT,,,,,,,,
2025-05-29,30.25,12466700.0,PTT,,,,,,,,
2025-05-30,29.75,84654300.0,PTT,,,,,,,,
2025-06-04,29.5,53393000.0,PTT,,,,,,,,
2025-06-05,30.0,31125700.0,PTT,,,,,,,,
2025-06-06,30.5,109998800.0,PTT,,,,,,,,
2025-06-09,30.0,23439800.0,PTT,,,,,,,,
2025-06-10,30.0,62648800.0,PTT,,,,,,,,
2025-06-11,30.25,26031700.0,PTT,,,,,,,,
2025-06-12,30.25,69315000.0,PTT,,,,,,,,
2025-06-13,30.75,91553700.0,PTT,,,,,,,,
2025-06-16,30.75,54946200.0,PTT,,,,,,,,
2025-06-17,30.25,20897500.0,PTT,,,,,,,,
2025-06-18,30.0,31631400.0,PTT,,,,,,,,
2025-06-19,30.0,34525100.0,PTT,,,,,,,,
2025-06-20,30.0,105807800.0,PTT,,,,,,,,
2025-06-23,30.0,16160500.0,PTT,,,,,,,,
2025-06-24,30.5,81410000.0,PTT,,,,,,,,
2025-06-25,30.5,21519400.0,PTT,,,,,,,,
2025-06-26,30.75,35866200.0,PTT,,,,,,,,
2025-06-27,30.0,27015300.0,PTT,,,,,,,,
2025-06-30,30.0,19536400.0,PTT,,,,,,,,
2025-07-01,30.5,85842300.0,PTT,,,,,,,,
2025-07-02,30.75,15618800.0,PTT,,,,,,,,
2025-07-03,30.5,23938100.0,PTT,,,,,,,,
2025-07-04,30.25,16534800.0,PTT,,,,,,,,
2025-07-07,30.25,10335000.0,PTT,,,,,,,,
2025-07-08,30.25,9767300.0,PTT,,,,,,,,
2025-07-09,30.25,13980100.0,PTT,,,,,,,,
2025-07-11,30.5,38004800.0,PTT,,,,,,,,
2025-07-14,31.0,38697900.0,PTT,,,,,,,,
2025-07-15,31.25,33444200.0,PTT,,,,,,,,
2025-07-16,31.0,75011600.0,PTT,,,,,,,,
2025-07-17,31.5,60805400.0,PTT,,,,,,,,
2025-07-18,32.0,131364300.0,PTT,,,,,,,,
2025-07-21,32.5,56566400.0,PTT,,,,,,,,
2025-07-22,32.25,37221300.0,PTT,,,,,,,,
2025-07-23,32.25,46323200.0,PTT,,,,,,,,
2025-07-24,32.0,93447700.0,PTT,,,,,,,,
2025-07-25,32.25,83289500.0,PTT,,,,,,,,
2025-07-29,33.0,106501800.0,PTT,,,,,,,,
2025-07-30,33.0,71995000.0,PTT,,,,,,,,
2024-01-03,,,ADVANC,205.84573364257812,3801200.0,,,,,,
2024-01-04,,,ADVANC,205.84573364257812,2936200.0,,,,,,
2024-01-05,,,ADVANC,201.14605712890625,9841600.0,,,,,,
2024-01-08,,,ADVANC,201.14605712890625,3091900.0,,,,,,
2024-01-09,,,ADVANC,203.9658660888672,5244000.0,,,,,,
2024-01-10,,,ADVANC,203.02590942382812,3885700.0,,,,,,
2024-01-11,,,ADVANC,203.9658660888672,3228900.0,,,,,,
2024-01-12,,,ADVANC,204.90579223632812,4328500.0,,,,,,
2024-01-15,,,ADVANC,203.9658660888672,3516200.0,,,,,,
2024-01-16,,,ADVANC,203.9658660888672,2600400.0,,,,,,
2024-01-17,,,ADVANC,200.2061309814453,4803600.0,,,,,,
2024-01-18,,,ADVANC,202.08599853515625,2661900.0,,,,,,
2024-01-19,,,ADVANC,204.90579223632812,3161900.0,,,,,,
2024-01-22,,,ADVANC,203.02590942382812,2477000.0,,,,,,
2024-01-23,,,ADVANC,202.08599853515625,3001200.0,,,,,,
2024-01-24,,,ADVANC,203.02590942382812,3220900.0,,,,,,
2024-01-25,,,ADVANC,204.90579223632812,2731900.0,,,,,,
2024-01-26,,,ADVANC,203.02590942382812,6715900.0,,,,,,
2024-01-29,,,ADVANC,204.90579223632812,2527200.0,,,,,,
2024-01-30,,,ADVANC,205.84573364257812,2995100.0,,,,,,
2024-01-31,,,ADVANC,205.84573364257812,4795700.0,,,,,,
2024-02-01,,,ADVANC,206.78565979003906,3231900.0,,,,,,
2024-02-02,,,ADVANC,207.72560119628906,2797000.0,,,,,,
2024-02-05,,,ADVANC,205.84573364257812,2987100.0,,,,,,
2024-02-06,,,ADVANC,204.90579223632812,5134000.0,,,,,,
2024-02-07,,,ADVANC,204.90579223632812,5227700.0,,,,,,
2024-02-08,,,ADVANC,201.14605712890625,6477600.0,,,,,,
2024-02-09,,,ADVANC,201.14605712890625,3840700.0,,,,,,
2024-02-12,,,ADVANC,202.08599853515625,1867100.0,,,,,,
2024-02-13,,,ADVANC,201.14605712890625,3549000.0,,,,,,
2024-02-14,,,ADVANC,200.2061309814453,4513500.0,,,,,,
2024-02-15,,,ADVANC,197.38632202148438,5778600.0,,,,,,
2024-02-16,,,ADVANC,200.2061309814453,7729400.0,,,,,,
2024-02-19,,,ADVANC,200.7921600341797,4822100.0,,,,,,
2024-02-20,,,ADVANC,198.87071228027344,4352500.0,,,,,,
2024-02-21,,,ADVANC,196.9492645263672,12475500.0,,,,,,
2024-02-22,,,ADVANC,200.7921600341797,9222400.0,,,,,,
2024-02-23,,,ADVANC,197.9099884033203,4196600.0,,,,,,
2024-02-27,,,ADVANC,196.9492645263672,3848800.0,,,,,,
2024-02-28,,,ADVANC,195.988525390625,2716700.0,,,,,,
2024-02-29,,,ADVANC,193.10635375976562,10429600.0,,,,,,
2024-03-01,,,ADVANC,197.9099884033203,6041500.0,,,,,,
2024-03-04,,,ADVANC,199.83143615722656,4853400.0,,,,,,
2024-03-05,,,ADVANC,197.9099884033203,4801900.0,,,,,,
2024-03-06,,,ADVANC,197.9099884033203,2346500.0,,,,,,
2024-03-07,,,ADVANC,202.713623046875,8100200.0,,,,,,
2024-03-08,,,ADVANC,202.713623046875,2478000.0,,,,,,
2024-03-11,,,ADVANC,202.713623046875,2287700.0,,,,,,
2024-03-12,,,ADVANC,202.713623046875,0.0,,,,,,
2024-03-13,,,ADVANC,199.83143615722656,3358000.0,,,,,,
2024-03-14,,,ADVANC,200.7921600341797,3793700.0,,,,,,
2024-03-15,,,ADVANC,197.9099884033203,8691700.0,,,,,,
2024-03-18,,,ADVANC,200.7921600341797,3295400.0,,,,,,
2024-03-19,,,ADVANC,201.75289916992188,8109300.0,,,,,,
2024-03-20,,,ADVANC,201.75289916992188,0.0,,,,,,
2024-03-21,,,ADVANC,202.713623046875,3865200.0,,,,,,
2024-03-22,,,ADVANC,202.713623046875,0.0,,,,,,
2024-03-25,,,ADVANC,199.83143615722656,7482400.0,,,,,,
2024-03-26,,,ADVANC,199.83143615722656,0.0,,,,,,
2024-03-27,,,ADVANC,197.9099884033203,2941900.0,,,,,,
2024-03-28,,,ADVANC,197.9099884033203,0.0,,,,,,
2024-03-29,,,ADVANC,196.9492645263672,2118900.0,,,,,,
2024-04-01,,,ADVANC,196.9492645263672,3338800.0,,,,,,
2024-04-02,,,ADVANC,195.02780151367188,3181600.0,,,,,,
2024-04-03,,,ADVANC,195.988525390625,7311700.0,,,,,,
2024-04-04,,,ADVANC,195.02780151367188,3738600.0,,,,,,
2024-04-05,,,ADVANC,195.988525390625,2633800.0,,,,,,
2024-04-09,,,ADVANC,198.87071228027344,8294100.0,,,,,,
2024-04-10,,,ADVANC,195.988525390625,9393600.0,,,,,,
2024-04-11,,,ADVANC,194.0670623779297,4761700.0,,,,,,
2024-04-17,,,ADVANC,191.66525268554688,8657300.0,,,,,,
2024-04-18,,,ADVANC,191.66525268554688,0.0,,,,,,
2024-04-19,,,ADVANC,191.66525268554688,0.0,,,,,,
2024-04-22,,,ADVANC,189.74380493164062,3589600.0,,,,,,
2024-04-23,,,ADVANC,190.70452880859375,3637600.0,,,,,,
2024-04-24,,,ADVANC,190.70452880859375,0.0,,,,,,
2024-04-25,,,ADVANC,189.74380493164062,2177800.0,,,,,,
2024-04-26,,,ADVANC,187.34197998046875,5166500.0,,,,,,
2024-04-29,,,ADVANC,189.263427734375,4379100.0,,,,,,
2024-04-30,,,ADVANC,189.263427734375,0.0,,,,,,
2024-05-02,,,ADVANC,189.263427734375,0.0,,,,,,
2024-05-03,,,ADVANC,198.87071228027344,5684000.0,,,,,,
2024-05-07,,,ADVANC,198.87071228027344,0.0,,,,,,
2024-05-08,,,ADVANC,197.9099884033203,8836700.0,,,,,,
2024-05-09,,,ADVANC,197.9099884033203,5189900.0,,,,,,
2024-05-10,,,ADVANC,197.9099884033203,6482500.0,,,,,,
2024-05-13,,,ADVANC,196.9492645263672,4833200.0,,,,,,
2024-05-14,,,ADVANC,196.9492645263672,2669400.0,,,,,,
2024-05-15,,,ADVANC,197.9099884033203,3967000.0,,,,,,
2024-05-16,,,ADVANC,197.9099884033203,0.0,,,,,,
2024-05-17,,,ADVANC,199.83143615722656,2359300.0,,,,,,
2024-05-20,,,ADVANC,199.83143615722656,0.0,,,,,,
2024-05-21,,,ADVANC,199.83143615722656,0.0,,,,,,
2024-05-23,,,ADVANC,198.87071228027344,3522000.0,,,,,,
2024-05-24,,,ADVANC,198.87071228027344,0.0,,,,,,
2024-05-27,,,ADVANC,198.87071228027344,0.0,,,,,,
2024-05-28,,,ADVANC,198.87071228027344,2078700.0,,,,,,
2024-05-29,,,ADVANC,195.988525390625,4858500.0,,,,,,
2024-05-30,,,ADVANC,195.988525390625,0.0,,,,,,
2024-05-31,,,ADVANC,195.988525390625,0.0,,,,,,
2024-06-04,,,ADVANC,198.87071228027344,6526100.0,,,,,,
2024-06-05,,,ADVANC,199.83143615722656,5464900.0,,,,,,
2024-06-06,,,ADVANC,199.83143615722656,5275900.0,,,,,,
2024-06-07,,,ADVANC,202.713623046875,8066900.0,,,,,,
2024-06-10,,,ADVANC,200.7921600341797,7496900.0,,,,,,
2024-06-11,,,ADVANC,202.713623046875,8577400.0,,,,,,
2024-06-12,,,ADVANC,201.75289916992188,4981600.0,,,,,,
2024-06-13,,,ADVANC,200.7921600341797,3079800.0,,,,,,
2024-06-14,,,ADVANC,202.713623046875,1942900.0,,,,,,
2024-06-17,,,ADVANC,200.7921600341797,6861900.0,,,,,,
2024-06-18,,,ADVANC,200.7921600341797,0.0,,,,,,
2024-06-19,,,ADVANC,200.7921600341797,0.0,,,,,,
2024-06-20,,,ADVANC,199.83143615722656,4734200.0,,,,,,
2024-06-21,,,ADVANC,199.83143615722656,4354700.0,,,,,,
2024-06-24,,,ADVANC,198.87071228027344,2404500.0,,,,,,
2024-06-25,,,ADVANC,198.87071228027344,0.0,,,,,,
2024-06-26,,,ADVANC,198.87071228027344,0.0,,,,,,
2024-06-27,,,ADVANC,202.713623046875,2200800.0,,,,,,
2024-06-28,,,ADVANC,200.7921600341797,7015000.0,,,,,,
2024-07-01,,,ADVANC,200.7921600341797,0.0,,,,,,
2024-07-02,,,ADVANC,200.7921600341797,0.0,,,,,,
2024-07-03,,,ADVANC,202.713623046875,1807100.0,,,,,,
2024-07-04,,,ADVANC,201.75289916992188,3025900.0,,,,,,
2024-07-05,,,ADVANC,201.75289916992188,1760800.0,,,,,,
2024-07-08,,,ADVANC,204.6350860595703,3985100.0,,,,,,
2024-07-09,,,ADVANC,204.6350860595703,0.0,,,,,,
2024-07-10,,,ADVANC,212.32090759277344,7626000.0,,,,,,
2024-07-11,,,ADVANC,212.32090759277344,0.0,,,,,,
2024-07-12,,,ADVANC,212.32090759277344,0.0,,,,,,
2024-07-15,,,ADVANC,212.32090759277344,0.0,,,,,,
2024-07-16,,,ADVANC,211.36016845703125,3925700.0,,,,,,
2024-07-17,,,ADVANC,211.36016845703125,0.0,,,,,,
2024-07-18,,,ADVANC,219.04600524902344,8698000.0,,,,,,
2024-07-19,,,ADVANC,219.04600524902344,6262600.0,,,,,,
2024-07-23,,,ADVANC,215.20309448242188,3526500.0,,,,,,
2024-07-24,,,ADVANC,213.28163146972656,4756400.0,,,,,,
2024-07-25,,,ADVANC,214.24237060546875,3838800.0,,,,,,
2024-07-26,,,ADVANC,218.0852813720703,6611200.0,,,,,,
2024-07-30,,,ADVANC,218.0852813720703,0.0,,,,,,
2024-07-31,,,ADVANC,224.8103790283203,6834200.0,,,,,,
2024-08-01,,,ADVANC,223.84963989257812,4572200.0,,,,,,
2024-08-02,,,ADVANC,223.84963989257812,0.0,,,,,,
2024-08-05,,,ADVANC,230.57473754882812,17940100.0,,,,,,
2024-08-06,,,ADVANC,228.6532745361328,7480500.0,,,,,,
2024-08-07,,,ADVANC,229.614013671875,8825900.0,,,,,,
2024-08-08,,,ADVANC,229.614013671875,0.0,,,,,,
2024-08-09,,,ADVANC,235.37838745117188,6536600.0,,,,,,
2024-08-13,,,ADVANC,235.37838745117188,2638300.0,,,,,,
2024-08-14,,,ADVANC,235.37838745117188,5232700.0,,,,,,
2024-08-15,,,ADVANC,235.37838745117188,0.0,,,,,,
2024-08-16,,,ADVANC,231.5354766845703,3978800.0,,,,,,
2024-08-19,,,ADVANC,236.3107147216797,0.0,,,,,,
2024-08-20,,,ADVANC,239.25233459472656,6029200.0,,,,,,
2024-08-21,,,ADVANC,239.25233459472656,2802600.0,,,,,,
2024-08-22,,,ADVANC,239.25233459472656,0.0,,,,,,
2024-08-23,,,ADVANC,242.1939697265625,6215900.0,,,,,,
2024-08-26,,,ADVANC,242.1939697265625,0.0,,,,,,
2024-08-27,,,ADVANC,242.1939697265625,4971600.0,,,,,,
2024-08-28,,,ADVANC,245.13558959960938,8048500.0,,,,,,
2024-08-29,,,ADVANC,241.2134246826172,7524800.0,,,,,,
2024-08-30,,,ADVANC,242.1939697265625,7715700.0,,,,,,
2024-09-02,,,ADVANC,242.1939697265625,0.0,,,,,,
2024-09-03,,,ADVANC,242.1939697265625,0.0,,,,,,
2024-09-04,,,ADVANC,242.1939697265625,0.0,,,,,,
2024-09-05,,,ADVANC,261.8048095703125,17848400.0,,,,,,
2024-09-06,,,ADVANC,263.7658996582031,9544300.0,,,,,,
2024-09-09,,,ADVANC,263.7658996582031,0.0,,,,,,
2024-09-10,,,ADVANC,253.96046447753906,8435600.0,,,,,,
2024-09-11,,,ADVANC,253.96046447753906,6989000.0,,,,,,
2024-09-12,,,ADVANC,253.96046447753906,8424800.0,,,,,,
2024-09-13,,,ADVANC,254.94100952148438,4563500.0,,,,,,
2024-09-16,,,ADVANC,254.94100952148438,0.0,,,,,,
2024-09-17,,,ADVANC,254.94100952148438,0.0,,,,,,
2024-09-18,,,ADVANC,254.94100952148438,0.0,,,,,,
2024-09-19,,,ADVANC,254.94100952148438,0.0,,,,,,
2024-09-20,,,ADVANC,254.94100952148438,0.0,,,,,,
2024-09-23,,,ADVANC,252.9799346923828,5833100.0,,,,,,
2024-09-24,,,ADVANC,259.8437194824219,5996400.0,,,,,,
2024-09-25,,,ADVANC,259.8437194824219,5292000.0,,,,,,
2024-09-26,,,ADVANC,258.8631896972656,6523200.0,,,,,,
2024-09-27,,,ADVANC,258.8631896972656,0.0,,,,,,
2024-09-30,,,ADVANC,254.94100952148438,5697400.0,,,,,,
2024-10-01,,,ADVANC,254.94100952148438,0.0,,,,,,
2024-10-02,,,ADVANC,259.8437194824219,5001400.0,,,,,,
2024-10-03,,,ADVANC,264.7464294433594,7791100.0,,,,,,
2024-10-04,,,ADVANC,264.7464294433594,0.0,,,,,,
2024-10-07,,,ADVANC,263.7658996582031,3288100.0,,,,,,
2024-10-08,,,ADVANC,262.78533935546875,7047400.0,,,,,,
2024-10-09,,,ADVANC,264.7464294433594,4503500.0,,,,,,
2024-10-10,,,ADVANC,266.70751953125,7135500.0,,,,,,
2024-10-11,,,ADVANC,266.70751953125,0.0,,,,,,
2024-10-15,,,ADVANC,274.5518493652344,7246800.0,,,,,,
2024-10-16,,,ADVANC,274.5518493652344,0.0,,,,,,
2024-10-17,,,ADVANC,274.5518493652344,0.0,,,,,,
2024-10-18,,,ADVANC,276.512939453125,17193900.0,,,,,,
2024-10-21,,,ADVANC,278.4740295410156,7422000.0,,,,,,
2024-10-22,,,ADVANC,278.4740295410156,0.0,,,,,,
2024-10-24,,,ADVANC,269.6491394042969,7671200.0,,,,,,
2024-10-25,,,ADVANC,269.6491394042969,0.0,,,,,,
2024-10-28,,,ADVANC,265.72698974609375,6489800.0,,,,,,
2024-10-29,,,ADVANC,265.72698974609375,0.0,,,,,,
2024-10-30,,,ADVANC,262.78533935546875,11440100.0,,,,,,
2024-10-31,,,ADVANC,269.6491394042969,8132800.0,,,,,,
2024-11-01,,,ADVANC,266.70751953125,4671900.0,,,,,,
2024-11-04,,,ADVANC,266.70751953125,4015700.0,,,,,,
2024-11-05,,,ADVANC,272.5907897949219,5135200.0,,,,,,
2024-11-06,,,ADVANC,268.6686096191406,8822200.0,,,,,,
2024-11-07,,,ADVANC,279.4545593261719,14823900.0,,,,,,
2024-11-08,,,ADVANC,277.4934997558594,4920800.0,,,,,,
2024-11-11,,,ADVANC,279.4545593261719,4470300.0,,,,,,
2024-11-12,,,ADVANC,280.43511962890625,5244100.0,,,,,,
2024-11-13,,,ADVANC,280.43511962890625,6175000.0,,,,,,
2024-11-14,,,ADVANC,279.4545593261719,13107600.0,,,,,,
2024-11-15,,,ADVANC,280.43511962890625,6895100.0,,,,,,
2024-11-18,,,ADVANC,280.43511962890625,3655500.0,,,,,,
2024-11-19,,,ADVANC,278.4740295410156,4258900.0,,,,,,
2024-11-20,,,ADVANC,276.512939453125,4173500.0,,,,,,
2024-11-21,,,ADVANC,280.43511962890625,5753400.0,,,,,,
2024-11-22,,,ADVANC,283.3767395019531,9468900.0,,,,,,
2024-11-25,,,ADVANC,282.3962097167969,6523800.0,,,,,,
2024-11-26,,,ADVANC,277.4934997558594,5797100.0,,,,,,
2024-11-27,,,ADVANC,275.53240966796875,4338000.0,,,,,,
2024-11-28,,,ADVANC,280.43511962890625,4372800.0,,,,,,
2024-11-29,,,ADVANC,279.4545593261719,4717600.0,,,,,,
2024-12-02,,,ADVANC,280.43511962890625,2811100.0,,,,,,
2024-12-03,,,ADVANC,290.24053955078125,9576500.0,,,,,,
2024-12-04,,,ADVANC,283.3767395019531,7597100.0,,,,,,
2024-12-06,,,ADVANC,289.260009765625,4127100.0,,,,,,
2024-12-09,,,ADVANC,289.260009765625,4253100.0,,,,,,
2024-12-11,,,ADVANC,283.3767395019531,6583000.0,,,,,,
2024-12-12,,,ADVANC,281.4156494140625,6915900.0,,,,,,
2024-12-13,,,ADVANC,281.4156494140625,4637100.0,,,,,,
2024-12-16,,,ADVANC,280.43511962890625,3685500.0,,,,,,
2024-12-17,,,ADVANC,273.5713195800781,7877600.0,,,,,,
2024-12-18,,,ADVANC,276.512939453125,5374600.0,,,,,,
2024-12-19,,,ADVANC,268.6686096191406,7435100.0,,,,,,
2024-12-20,,,ADVANC,268.6686096191406,8562600.0,,,,,,
2024-12-23,,,ADVANC,278.4740295410156,5399300.0,,,,,,
2024-12-24,,,ADVANC,278.4740295410156,3781900.0,,,,,,
2024-12-25,,,ADVANC,280.43511962890625,1681600.0,,,,,,
2024-12-26,,,ADVANC,281.4156494140625,2295600.0,,,,,,
2024-12-27,,,ADVANC,283.3767395019531,5168100.0,,,,,,
2024-12-30,,,ADVANC,281.4156494140625,3429200.0,,,,,,
2025-01-02,,,ADVANC,279.4545593261719,3018900.0,,,,,,
2025-01-03,,,ADVANC,279.4545593261719,3403700.0,,,,,,
2025-01-06,,,ADVANC,272.5907897949219,4809700.0,,,,,,
2025-01-07,,,ADVANC,275.53240966796875,5287600.0,,,,,,
2025-01-08,,,ADVANC,278.4740295410156,5078700.0,,,,,,
2025-01-09,,,ADVANC,270.62969970703125,9650100.0,,,,,,
2025-01-10,,,ADVANC,277.4934997558594,4631600.0,,,,,,
2025-01-13,,,ADVANC,276.512939453125,3831500.0,,,,,,
2025-01-14,,,ADVANC,278.4740295410156,4527100.0,,,,,,
2025-01-15,,,ADVANC,281.4156494140625,7854200.0,,,,,,
2025-01-16,,,ADVANC,284.3572998046875,6273800.0,,,,,,
2025-01-17,,,ADVANC,278.4740295410156,7022200.0,,,,,,
2025-01-20,,,ADVANC,277.4934997558594,2402400.0,,,,,,
2025-01-21,,,ADVANC,282.3962097167969,3457800.0,,,,,,
2025-01-22,,,ADVANC,283.3767395019531,3977500.0,,,,,,
2025-01-23,,,ADVANC,277.4934997558594,5075300.0,,,,,,
2025-01-24,,,ADVANC,281.4156494140625,3360600.0,,,,,,
2025-01-27,,,ADVANC,281.4156494140625,2818700.0,,,,,,
2025-01-28,,,ADVANC,282.3962097167969,5881200.0,,,,,,
2025-01-29,,,ADVANC,279.4545593261719,5319000.0,,,,,,
2025-01-30,,,ADVANC,280.43511962890625,2157500.0,,,,,,
2025-01-31,,,ADVANC,278.4740295410156,4726100.0,,,,,,
2025-02-03,,,ADVANC,273.5713195800781,4830800.0,,,,,,
2025-02-04,,,ADVANC,273.5713195800781,4490500.0,,,,,,
2025-02-05,,,ADVANC,275.53240966796875,5935300.0,,,,,,
2025-02-06,,,ADVANC,269.6491394042969,4739300.0,,,,,,
2025-02-07,,,ADVANC,274.5518493652344,9770900.0,,,,,,
2025-02-10,,,ADVANC,277.4934997558594,9866500.0,,,,,,
2025-02-11,,,ADVANC,278.4740295410156,11073400.0,,,,,,
2025-02-13,,,ADVANC,298.0848693847656,28394300.0,,,,,,
2025-02-14,,,ADVANC,293.1821594238281,9535800.0,,,,,,
2025-02-17,,,ADVANC,290.24053955078125,7556700.0,,,,,,
2025-02-18,,,ADVANC,288.2794494628906,7869000.0,,,,,,
2025-02-19,,,ADVANC,289.260009765625,8947300.0,,,,,,
2025-02-20,,,ADVANC,283.0,10032100.0,,,,,,
2025-02-21,,,ADVANC,286.0,8083300.0,,,,,,
2025-02-24,,,ADVANC,286.0,6039800.0,,,,,,
2025-02-25,,,ADVANC,277.0,9041500.0,,,,,,
2025-02-26,,,ADVANC,285.0,8128400.0,,,,,,
2025-02-27,,,ADVANC,281.0,10390100.0,,,,,,
2025-02-28,,,ADVANC,276.0,14586300.0,,,,,,
2025-03-03,,,ADVANC,271.0,8261500.0,,,,,,
2025-03-04,,,ADVANC,268.0,9743100.0,,,,,,
2025-03-05,,,ADVANC,272.0,8877900.0,,,,,,
2025-03-06,,,ADVANC,274.0,7640500.0,,,,,,
2025-03-07,,,ADVANC,274.0,6830800.0,,,,,,
2025-03-10,,,ADVANC,268.0,3706000.0,,,,,,
2025-03-11,,,ADVANC,270.0,7579300.0,,,,,,
2025-03-12,,,ADVANC,265.0,7319600.0,,,,,,
2025-03-13,,,ADVANC,269.0,3267900.0,,,,,,
2025-03-14,,,ADVANC,267.0,3704700.0,,,,,,
2025-03-17,,,ADVANC,259.0,8331600.0,,,,,,
2025-03-18,,,ADVANC,263.0,6371200.0,,,,,,
2025-03-19,,,ADVANC,266.0,6287100.0,,,,,,
2025-03-20,,,ADVANC,266.0,7067800.0,,,,,,
2025-03-21,,,ADVANC,268.0,10847800.0,,,,,,
2025-03-24,,,ADVANC,274.0,4039200.0,,,,,,
2025-03-25,,,ADVANC,275.0,5286000.0,,,,,,
2025-03-26,,,ADVANC,272.0,3712200.0,,,,,,
2025-03-27,,,ADVANC,275.0,1950700.0,,,,,,
2025-03-28,,,ADVANC,273.0,1420300.0,,,,,,
2025-03-31,,,ADVANC,275.0,4151600.0,,,,,,
2025-04-01,,,ADVANC,281.0,4856200.0,,,,,,
2025-04-02,,,ADVANC,277.0,3485000.0,,,,,,
2025-04-03,,,ADVANC,278.0,3730300.0,,,,,,
2025-04-04,,,ADVANC,272.0,4825500.0,,,,,,
2025-04-08,,,ADVANC,271.0,9973600.0,,,,,,
2025-04-09,,,ADVANC,270.0,7425100.0,,,,,,
2025-04-10,,,ADVANC,280.0,6276400.0,,,,,,
2025-04-11,,,ADVANC,284.0,5060800.0,,,,,,
2025-04-16,,,ADVANC,284.0,6199300.0,,,,,,
2025-04-17,,,ADVANC,280.0,2478100.0,,,,,,
2025-04-18,,,ADVANC,282.0,2269700.0,,,,,,
2025-04-21,,,ADVANC,281.0,1852500.0,,,,,,
2025-04-22,,,ADVANC,281.0,6551300.0,,,,,,
2025-04-23,,,ADVANC,283.0,4082523.0,,,,,,
2025-04-24,,,ADVANC,280.0,3775100.0,,,,,,
2025-04-25,,,ADVANC,277.0,3989200.0,,,,,,
2025-04-28,,,ADVANC,278.0,3060400.0,,,,,,
2025-04-29,,,ADVANC,284.0,4232600.0,,,,,,
2025-04-30,,,ADVANC,295.0,11713100.0,,,,,,
2025-05-02,,,ADVANC,295.0,4849400.0,,,,,,
2025-05-06,,,ADVANC,297.0,7672800.0,,,,,,
2025-05-07,,,ADVANC,304.0,13640800.0,,,,,,
2025-05-08,,,ADVANC,305.0,10332700.0,,,,,,
2025-05-09,,,ADVANC,303.0,7573200.0,,,,,,
2025-05-13,,,ADVANC,303.0,12389600.0,,,,,,
2025-05-14,,,ADVANC,302.0,9678100.0,,,,,,
2025-05-15,,,ADVANC,296.0,7229500.0,,,,,,
2025-05-16,,,ADVANC,289.0,12026500.0,,,,,,
2025-05-19,,,ADVANC,294.0,4286700.0,,,,,,
2025-05-20,,,ADVANC,294.0,5305800.0,,,,,,
2025-05-21,,,ADVANC,297.0,5936600.0,,,,,,
2025-05-22,,,ADVANC,297.0,4690600.0,,,,,,
2025-05-23,,,ADVANC,293.0,2153700.0,,,,,,
2025-05-26,,,ADVANC,294.0,1941600.0,,,,,,
2025-05-27,,,ADVANC,292.0,3388300.0,,,,,,
2025-05-28,,,ADVANC,288.0,5499900.0,,,,,,
2025-05-29,,,ADVANC,287.0,5844100.0,,,,,,
2025-05-30,,,ADVANC,286.0,28115200.0,,,,,,
2025-06-04,,,ADVANC,293.0,9004100.0,,,,,,
2025-06-05,,,ADVANC,293.0,4252800.0,,,,,,
2025-06-06,,,ADVANC,290.0,3482000.0,,,,,,
2025-06-09,,,ADVANC,289.0,2891700.0,,,,,,
2025-06-10,,,ADVANC,288.0,2263500.0,,,,,,
2025-06-11,,,ADVANC,292.0,3821800.0,,,,,,
2025-06-12,,,ADVANC,286.0,4361600.0,,,,,,
2025-06-13,,,ADVANC,284.0,3138900.0,,,,,,
2025-06-16,,,ADVANC,282.0,5020000.0,,,,,,
2025-06-17,,,ADVANC,282.0,6395700.0,,,,,,
2025-06-18,,,ADVANC,278.0,6284400.0,,,,,,
2025-06-19,,,ADVANC,269.0,10192800.0,,,,,,
2025-06-20,,,ADVANC,269.0,9465700.0,,,,,,
2025-06-23,,,ADVANC,274.0,8184300.0,,,,,,
2025-06-24,,,ADVANC,278.0,10748600.0,,,,,,
2025-06-25,,,ADVANC,279.0,7153800.0,,,,,,
2025-06-26,,,ADVANC,282.0,7504300.0,,,,,,
2025-06-27,,,ADVANC,270.0,12249800.0,,,,,,
2025-06-30,,,ADVANC,278.0,14996600.0,,,,,,
2025-07-01,,,ADVANC,283.0,8460600.0,,,,,,
2025-07-02,,,ADVANC,281.0,7904600.0,,,,,,
2025-07-03,,,ADVANC,280.0,5224700.0,,,,,,
2025-07-04,,,ADVANC,279.0,3052700.0,,,,,,
2025-07-07,,,ADVANC,287.0,6427600.0,,,,,,
2025-07-08,,,ADVANC,284.0,4605000.0,,,,,,
2025-07-09,,,ADVANC,284.0,5072600.0,,,,,,
2025-07-11,,,ADVANC,286.0,3314900.0,,,,,,
2025-07-14,,,ADVANC,288.0,4414600.0,,,,,,
2025-07-15,,,ADVANC,291.0,2947900.0,,,,,,
2025-07-16,,,ADVANC,289.0,3225200.0,,,,,,
2025-07-17,,,ADVANC,292.0,6117200.0,,,,,,
2025-07-18,,,ADVANC,294.0,4406300.0,,,,,,
2025-07-21,,,ADVANC,293.0,2738500.0,,,,,,
2025-07-22,,,ADVANC,292.0,4558000.0,,,,,,
2025-07-23,,,ADVANC,297.0,3003800.0,,,,,,
2025-07-24,,,ADVANC,294.0,2991000.0,,,,,,
2025-07-25,,,ADVANC,293.0,5407000.0,,,,,,
2025-07-29,,,ADVANC,292.0,5599800.0,,,,,,
2025-07-30,,,ADVANC,288.0,5390200.0,,,,,,
2024-01-03,,,SCB,,,90.22283935546875,9806100.0,,,,
2024-01-04,,,SCB,,,89.79725646972656,8391700.0,,,,
2024-01-05,,,SCB,,,90.64842224121094,10293100.0,,,,
2024-01-08,,,SCB,,,89.3716812133789,6604900.0,,,,
2024-01-09,,,SCB,,,90.22283935546875,7858300.0,,,,
2024-01-10,,,SCB,,,88.52051544189453,9292900.0,,,,
2024-01-11,,,SCB,,,89.3716812133789,5875900.0,,,,
2024-01-12,,,SCB,,,89.3716812133789,4825100.0,,,,
2024-01-15,,,SCB,,,89.3716812133789,0.0,,,,
2024-01-16,,,SCB,,,88.09494018554688,5255700.0,,,,
2024-01-17,,,SCB,,,87.2437744140625,10935000.0,,,,
2024-01-18,,,SCB,,,87.2437744140625,7378700.0,,,,
2024-01-19,,,SCB,,,89.3716812133789,17200000.0,,,,
2024-01-22,,,SCB,,,89.3716812133789,8947400.0,,,,
2024-01-23,,,SCB,,,88.52051544189453,8419700.0,,,,
2024-01-24,,,SCB,,,88.94609832763672,6887600.0,,,,
2024-01-25,,,SCB,,,90.22283935546875,9117500.0,,,,
2024-01-26,,,SCB,,,89.79725646972656,8507700.0,,,,
2024-01-29,,,SCB,,,89.3716812133789,3465300.0,,,,
2024-01-30,,,SCB,,,88.52051544189453,7793300.0,,,,
2024-01-31,,,SCB,,,88.52051544189453,5769200.0,,,,
2024-02-01,,,SCB,,,88.94609832763672,4290800.0,,,,
2024-02-02,,,SCB,,,89.3716812133789,4056600.0,,,,
2024-02-05,,,SCB,,,89.3716812133789,4967300.0,,,,
2024-02-06,,,SCB,,,90.22283935546875,4399100.0,,,,
2024-02-07,,,SCB,,,89.79725646972656,5662700.0,,,,
2024-02-08,,,SCB,,,88.52051544189453,5575200.0,,,,
2024-02-09,,,SCB,,,87.66935729980469,6483900.0,,,,
2024-02-12,,,SCB,,,88.52051544189453,2016500.0,,,,
2024-02-13,,,SCB,,,86.81820678710938,10411400.0,,,,
2024-02-14,,,SCB,,,87.2437744140625,6844700.0,,,,
2024-02-15,,,SCB,,,86.39262390136719,9891200.0,,,,
2024-02-16,,,SCB,,,88.09494018554688,5838900.0,,,,
2024-02-19,,,SCB,,,88.09494018554688,3977400.0,,,,
2024-02-20,,,SCB,,,88.52051544189453,4333200.0,,,,
2024-02-21,,,SCB,,,94.47863006591797,58183400.0,,,,
2024-02-22,,,SCB,,,94.47863006591797,15540000.0,,,,
2024-02-23,,,SCB,,,95.75536346435547,18941200.0,,,,
2024-02-27,,,SCB,,,96.60652160644531,19382300.0,,,,
2024-02-28,,,SCB,,,96.60652160644531,12382600.0,,,,
2024-02-29,,,SCB,,,95.75536346435547,18765100.0,,,,
2024-03-01,,,SCB,,,94.90420532226562,15517900.0,,,,
2024-03-04,,,SCB,,,95.75536346435547,6543900.0,,,,
2024-03-05,,,SCB,,,95.32978820800781,6801700.0,,,,
2024-03-06,,,SCB,,,96.18094635009766,6231400.0,,,,
2024-03-07,,,SCB,,,95.75536346435547,8502100.0,,,,
2024-03-08,,,SCB,,,96.60652160644531,4148600.0,,,,
2024-03-11,,,SCB,,,96.18094635009766,6463900.0,,,,
2024-03-12,,,SCB,,,96.18094635009766,0.0,,,,
2024-03-13,,,SCB,,,96.60652160644531,4089000.0,,,,
2024-03-14,,,SCB,,,97.88326263427734,14380200.0,,,,
2024-03-15,,,SCB,,,97.88326263427734,0.0,,,,
2024-03-18,,,SCB,,,97.45768737792969,9946000.0,,,,
2024-03-19,,,SCB,,,98.30884552001953,9030100.0,,,,
2024-03-20,,,SCB,,,98.30884552001953,0.0,,,,
2024-03-21,,,SCB,,,97.88326263427734,7230300.0,,,,
2024-03-22,,,SCB,,,97.88326263427734,0.0,,,,
2024-03-25,,,SCB,,,97.45768737792969,8995300.0,,,,
2024-03-26,,,SCB,,,97.45768737792969,0.0,,,,
2024-03-27,,,SCB,,,97.45768737792969,4421500.0,,,,
2024-03-28,,,SCB,,,97.45768737792969,0.0,,,,
2024-03-29,,,SCB,,,97.0321044921875,5281200.0,,,,
2024-04-01,,,SCB,,,97.0321044921875,3179500.0,,,,
2024-04-02,,,SCB,,,97.0321044921875,8532800.0,,,,
2024-04-03,,,SCB,,,95.75536346435547,14065100.0,,,,
2024-04-04,,,SCB,,,94.90420532226562,14559200.0,,,,
2024-04-05,,,SCB,,,95.75536346435547,7172000.0,,,,
2024-04-09,,,SCB,,,97.88326263427734,11795400.0,,,,
2024-04-10,,,SCB,,,98.30884552001953,8728900.0,,,,
2024-04-11,,,SCB,,,98.30884552001953,24277900.0,,,,
2024-04-17,,,SCB,,,105.4678726196289,0.0,,,,
2024-04-18,,,SCB,,,105.4678726196289,0.0,,,,
2024-04-19,,,SCB,,,105.4678726196289,0.0,,,,
2024-04-22,,,SCB,,,95.4233169555664,15509000.0,,,,
2024-04-23,,,SCB,,,95.87989044189453,13766700.0,,,,
2024-04-24,,,SCB,,,95.87989044189453,12660500.0,,,,
2024-04-25,,,SCB,,,95.87989044189453,3999400.0,,,,
2024-04-26,,,SCB,,,97.24960327148438,10962700.0,,,,
2024-04-29,,,SCB,,,96.79302978515625,9444200.0,,,,
2024-04-30,,,SCB,,,96.79302978515625,0.0,,,,
2024-05-02,,,SCB,,,96.79302978515625,5576600.0,,,,
2024-05-03,,,SCB,,,96.79302978515625,6315300.0,,,,
2024-05-07,,,SCB,,,96.79302978515625,0.0,,,,
2024-05-08,,,SCB,,,97.24960327148438,8122600.0,,,,
2024-05-09,,,SCB,,,98.1627426147461,9173400.0,,,,
2024-05-10,,,SCB,,,98.61930847167969,6099300.0,,,,
2024-05-13,,,SCB,,,97.24960327148438,12781500.0,,,,
2024-05-14,,,SCB,,,96.79302978515625,6717600.0,,,,
2024-05-15,,,SCB,,,95.87989044189453,11008100.0,,,,
2024-05-16,,,SCB,,,95.87989044189453,0.0,,,,
2024-05-17,,,SCB,,,97.24960327148438,7186800.0,,,,
2024-05-20,,,SCB,,,97.24960327148438,0.0,,,,
2024-05-21,,,SCB,,,98.1627426147461,3200600.0,,,,
2024-05-23,,,SCB,,,97.70616912841797,4934600.0,,,,
2024-05-24,,,SCB,,,97.70616912841797,0.0,,,,
2024-05-27,,,SCB,,,97.70616912841797,0.0,,,,
2024-05-28,,,SCB,,,97.24960327148438,3473100.0,,,,
2024-05-29,,,SCB,,,97.24960327148438,5102200.0,,,,
2024-05-30,,,SCB,,,97.24960327148438,0.0,,,,
2024-05-31,,,SCB,,,97.24960327148438,0.0,,,,
2024-06-04,,,SCB,,,96.33645629882812,4462900.0,,,,
2024-06-05,,,SCB,,,96.33645629882812,0.0,,,,
2024-06-06,,,SCB,,,95.87989044189453,5949000.0,,,,
2024-06-07,,,SCB,,,95.87989044189453,0.0,,,,
2024-06-10,,,SCB,,,94.96674346923828,6450500.0,,,,
2024-06-11,,,SCB,,,94.05360412597656,5419300.0,,,,
2024-06-12,,,SCB,,,94.96674346923828,9694700.0,,,,
2024-06-13,,,SCB,,,95.4233169555664,9139100.0,,,,
2024-06-14,,,SCB,,,96.79302978515625,11852900.0,,,,
2024-06-17,,,SCB,,,96.33645629882812,6502900.0,,,,
2024-06-18,,,SCB,,,96.79302978515625,4977600.0,,,,
2024-06-19,,,SCB,,,96.79302978515625,0.0,,,,
2024-06-20,,,SCB,,,96.33645629882812,4527600.0,,,,
2024-06-21,,,SCB,,,96.79302978515625,16054000.0,,,,
2024-06-24,,,SCB,,,96.79302978515625,0.0,,,,
2024-06-25,,,SCB,,,96.79302978515625,0.0,,,,
2024-06-26,,,SCB,,,96.79302978515625,0.0,,,,
2024-06-27,,,SCB,,,94.96674346923828,15921800.0,,,,
2024-06-28,,,SCB,,,94.05360412597656,8700100.0,,,,
2024-07-01,,,SCB,,,94.05360412597656,0.0,,,,
2024-07-02,,,SCB,,,94.05360412597656,0.0,,,,
2024-07-03,,,SCB,,,94.96674346923828,4297800.0,,,,
2024-07-04,,,SCB,,,95.4233169555664,4646700.0,,,,
2024-07-05,,,SCB,,,96.33645629882812,4120000.0,,,,
2024-07-08,,,SCB,,,96.33645629882812,3763000.0,,,,
2024-07-09,,,SCB,,,96.33645629882812,0.0,,,,
2024-07-10,,,SCB,,,96.79302978515625,4113500.0,,,,
2024-07-11,,,SCB,,,96.79302978515625,4090700.0,,,,
2024-07-12,,,SCB,,,97.24960327148438,4303800.0,,,,
2024-07-15,,,SCB,,,94.05360412597656,27479200.0,,,,
2024-07-16,,,SCB,,,93.59703063964844,8055900.0,,,,
2024-07-17,,,SCB,,,93.59703063964844,0.0,,,,
2024-07-18,,,SCB,,,92.68389129638672,8851000.0,,,,
2024-07-19,,,SCB,,,92.68389129638672,9390400.0,,,,
2024-07-23,,,SCB,,,91.77074432373047,9910800.0,,,,
2024-07-24,,,SCB,,,91.77074432373047,4630500.0,,,,
2024-07-25,,,SCB,,,91.77074432373047,4602500.0,,,,
2024-07-26,,,SCB,,,94.05360412597656,7347500.0,,,,
2024-07-30,,,SCB,,,94.05360412597656,0.0,,,,
2024-07-31,,,SCB,,,94.05360412597656,4199000.0,,,,
2024-08-01,,,SCB,,,93.59703063964844,2975700.0,,,,
2024-08-02,,,SCB,,,93.59703063964844,0.0,,,,
2024-08-05,,,SCB,,,91.77074432373047,7061000.0,,,,
2024-08-06,,,SCB,,,91.77074432373047,5141000.0,,,,
2024-08-07,,,SCB,,,93.14046478271484,2675000.0,,,,
2024-08-08,,,SCB,,,93.14046478271484,0.0,,,,
2024-08-09,,,SCB,,,93.14046478271484,4963000.0,,,,
2024-08-13,,,SCB,,,93.14046478271484,7018100.0,,,,
2024-08-14,,,SCB,,,94.05360412597656,6145400.0,,,,
2024-08-15,,,SCB,,,94.05360412597656,0.0,,,,
2024-08-16,,,SCB,,,94.51017761230469,6711600.0,,,,
2024-08-19,,,SCB,,,97.24960327148438,17723600.0,,,,
2024-08-20,,,SCB,,,96.79302978515625,11287800.0,,,,
2024-08-21,,,SCB,,,97.24960327148438,11748100.0,,,,
2024-08-22,,,SCB,,,97.24960327148438,0.0,,,,
2024-08-23,,,SCB,,,99.53245544433594,59019600.0,,,,
2024-08-26,,,SCB,,,98.61930847167969,10244900.0,,,,
2024-08-27,,,SCB,,,97.70616912841797,6957900.0,,,,
2024-08-28,,,SCB,,,98.1627426147461,6488700.0,,,,
2024-08-29,,,SCB,,,98.1627426147461,5902800.0,,,,
2024-08-30,,,SCB,,,97.70616912841797,8290300.0,,,,
2024-09-02,,,SCB,,,97.70616912841797,0.0,,,,
2024-09-03,,,SCB,,,97.70616912841797,0.0,,,,
2024-09-04,,,SCB,,,97.70616912841797,0.0,,,,
2024-09-05,,,SCB,,,100.03250885009766,18125700.0,,,,
2024-09-06,,,SCB,,,105.61571502685547,40715400.0,,,,
2024-09-09,,,SCB,,,105.61571502685547,0.0,,,,
2024-09-10,,,SCB,,,104.21991729736328,13984000.0,,,,
2024-09-11,,,SCB,,,104.6851806640625,14614200.0,,,,
2024-09-12,,,SCB,,,105.15045166015625,10800600.0,,,,
2024-09-13,,,SCB,,,104.21991729736328,24207600.0,,,,
2024-09-16,,,SCB,,,104.21991729736328,0.0,,,,
2024-09-17,,,SCB,,,104.21991729736328,0.0,,,,
2024-09-18,,,SCB,,,104.21991729736328,0.0,,,,
2024-09-19,,,SCB,,,104.21991729736328,0.0,,,,
2024-09-20,,,SCB,,,103.75464630126953,10099500.0,,,,
2024-09-23,,,SCB,,,104.21991729736328,5902200.0,,,,
2024-09-24,,,SCB,,,104.21991729736328,9229000.0,,,,
2024-09-25,,,SCB,,,103.28938293457031,7379500.0,,,,
2024-09-26,,,SCB,,,103.28938293457031,3866000.0,,,,
2024-09-27,,,SCB,,,103.28938293457031,0.0,,,,
2024-09-30,,,SCB,,,101.42831420898438,18402600.0,,,,
2024-10-01,,,SCB,,,102.35884857177734,16092200.0,,,,
2024-10-02,,,SCB,,,102.35884857177734,5779100.0,,,,
2024-10-03,,,SCB,,,101.8935775756836,4904500.0,,,,
2024-10-04,,,SCB,,,101.8935775756836,0.0,,,,
2024-10-07,,,SCB,,,102.82411193847656,4731100.0,,,,
2024-10-08,,,SCB,,,102.35884857177734,6068500.0,,,,
2024-10-09,,,SCB,,,102.35884857177734,4270000.0,,,,
2024-10-10,,,SCB,,,102.35884857177734,3604900.0,,,,
2024-10-11,,,SCB,,,102.35884857177734,0.0,,,,
2024-10-15,,,SCB,,,101.42831420898438,9960000.0,,,,
2024-10-16,,,SCB,,,101.42831420898438,0.0,,,,
2024-10-17,,,SCB,,,103.28938293457031,9368300.0,,,,
2024-10-18,,,SCB,,,102.35884857177734,8819600.0,,,,
2024-10-21,,,SCB,,,106.08098602294922,29669100.0,,,,
2024-10-22,,,SCB,,,106.08098602294922,0.0,,,,
2024-10-24,,,SCB,,,105.61571502685547,19903600.0,,,,
2024-10-25,,,SCB,,,105.61571502685547,0.0,,,,
2024-10-28,,,SCB,,,107.01152038574219,10936700.0,,,,
2024-10-29,,,SCB,,,107.01152038574219,0.0,,,,
2024-10-30,,,SCB,,,104.21991729736328,7681700.0,,,,
2024-10-31,,,SCB,,,105.61571502685547,5301600.0,,,,
2024-11-01,,,SCB,,,104.6851806640625,5141900.0,,,,
2024-11-04,,,SCB,,,105.15045166015625,3710500.0,,,,
2024-11-05,,,SCB,,,105.61571502685547,5001500.0,,,,
2024-11-06,,,SCB,,,105.61571502685547,8899300.0,,,,
2024-11-07,,,SCB,,,107.01152038574219,16466000.0,,,,
2024-11-08,,,SCB,,,107.01152038574219,5084000.0,,,,
2024-11-11,,,SCB,,,106.08098602294922,5159800.0,,,,
2024-11-12,,,SCB,,,105.61571502685547,3270700.0,,,,
2024-11-13,,,SCB,,,106.54624938964844,4322100.0,,,,
2024-11-14,,,SCB,,,106.08098602294922,5033500.0,,,,
2024-11-15,,,SCB,,,106.54624938964844,2606200.0,,,,
2024-11-18,,,SCB,,,107.01152038574219,5633700.0,,,,
2024-11-19,,,SCB,,,106.54624938964844,9505600.0,,,,
2024-11-20,,,SCB,,,106.08098602294922,4577500.0,,,,
2024-11-21,,,SCB,,,106.54624938964844,5883600.0,,,,
2024-11-22,,,SCB,,,106.54624938964844,4879600.0,,,,
2024-11-25,,,SCB,,,107.01152038574219,8031300.0,,,,
2024-11-26,,,SCB,,,107.01152038574219,8409300.0,,,,
2024-11-27,,,SCB,,,106.54624938964844,10063700.0,,,,
2024-11-28,,,SCB,,,106.08098602294922,6180500.0,,,,
2024-11-29,,,SCB,,,106.54624938964844,6435000.0,,,,
2024-12-02,,,SCB,,,107.47679138183594,5177100.0,,,,
2024-12-03,,,SCB,,,107.94205474853516,11866600.0,,,,
2024-12-04,,,SCB,,,109.8031234741211,12380400.0,,,,
2024-12-06,,,SCB,,,109.8031234741211,5165800.0,,,,
2024-12-09,,,SCB,,,110.26839447021484,6849700.0,,,,
2024-12-11,,,SCB,,,109.8031234741211,5862600.0,,,,
2024-12-12,,,SCB,,,109.33786010742188,5503300.0,,,,
2024-12-13,,,SCB,,,110.26839447021484,5096200.0,,,,
2024-12-16,,,SCB,,,110.26839447021484,5425700.0,,,,
2024-12-17,,,SCB,,,107.94205474853516,8060800.0,,,,
2024-12-18,,,SCB,,,110.26839447021484,7023200.0,,,,
2024-12-19,,,SCB,,,109.33786010742188,7651400.0,,,,
2024-12-20,,,SCB,,,108.4073257446289,15743400.0,,,,
2024-12-23,,,SCB,,,109.33786010742188,5474500.0,,,,
2024-12-24,,,SCB,,,109.8031234741211,2796700.0,,,,
2024-12-25,,,SCB,,,109.8031234741211,3111700.0,,,,
2024-12-26,,,SCB,,,109.8031234741211,2395600.0,,,,
2024-12-27,,,SCB,,,108.87258911132812,2355700.0,,,,
2024-12-30,,,SCB,,,109.33786010742188,3151600.0,,,,
2025-01-02,,,SCB,,,108.87258911132812,2809000.0,,,,
2025-01-03,,,SCB,,,109.8031234741211,4531500.0,,,,
2025-01-06,,,SCB,,,109.8031234741211,8112300.0,,,,
2025-01-07,,,SCB,,,111.66419219970703,7738100.0,,,,
2025-01-08,,,SCB,,,110.73365783691406,6406400.0,,,,
2025-01-09,,,SCB,,,110.26839447021484,8010600.0,,,,
2025-01-10,,,SCB,,,110.73365783691406,3687800.0,,,,
2025-01-13,,,SCB,,,112.5947265625,9560700.0,,,,
2025-01-14,,,SCB,,,111.19892883300781,8220400.0,,,,
2025-01-15,,,SCB,,,113.05999755859375,5729200.0,,,,
2025-01-16,,,SCB,,,113.5252685546875,7040000.0,,,,
2025-01-17,,,SCB,,,113.05999755859375,6558900.0,,,,
2025-01-20,,,SCB,,,113.05999755859375,3679800.0,,,,
2025-01-21,,,SCB,,,113.99053192138672,10877800.0,,,,
2025-01-22,,,SCB,,,115.85160064697266,14199900.0,,,,
2025-01-23,,,SCB,,,113.99053192138672,9137700.0,,,,
2025-01-24,,,SCB,,,114.45580291748047,6163700.0,,,,
2025-01-27,,,SCB,,,115.38633728027344,3963900.0,,,,
2025-01-28,,,SCB,,,116.3168716430664,5124500.0,,,,
2025-01-29,,,SCB,,,117.24740600585938,4762200.0,,,,
2025-01-30,,,SCB,,,116.78213500976562,5500800.0,,,,
2025-01-31,,,SCB,,,116.3168716430664,7471000.0,,,,
2025-02-03,,,SCB,,,117.24740600585938,12061800.0,,,,
2025-02-04,,,SCB,,,118.17794036865234,11021800.0,,,,
2025-02-05,,,SCB,,,117.7126693725586,5035500.0,,,,
2025-02-06,,,SCB,,,118.64320373535156,6967000.0,,,,
2025-02-07,,,SCB,,,117.24740600585938,11190100.0,,,,
2025-02-10,,,SCB,,,117.7126693725586,7353700.0,,,,
2025-02-11,,,SCB,,,116.78213500976562,6819800.0,,,,
2025-02-13,,,SCB,,,115.85160064697266,9945100.0,,,,
2025-02-14,,,SCB,,,112.12946319580078,26947000.0,,,,
2025-02-17,,,SCB,,,113.99053192138672,11360100.0,,,,
2025-02-18,,,SCB,,,116.78213500976562,10932700.0,,,,
2025-02-19,,,SCB,,,118.17794036865234,15088500.0,,,,
2025-02-20,,,SCB,,,118.64320373535156,14920300.0,,,,
2025-02-21,,,SCB,,,117.24740600585938,9693300.0,,,,
2025-02-24,,,SCB,,,116.78213500976562,5712300.0,,,,
2025-02-25,,,SCB,,,114.92106628417969,10431500.0,,,,
2025-02-26,,,SCB,,,115.38633728027344,16127000.0,,,,
2025-02-27,,,SCB,,,114.92106628417969,6592300.0,,,,
2025-02-28,,,SCB,,,113.5252685546875,11171900.0,,,,
2025-03-03,,,SCB,,,114.45580291748047,9186600.0,,,,
2025-03-04,,,SCB,,,113.05999755859375,8091100.0,,,,
2025-03-05,,,SCB,,,113.5252685546875,5627500.0,,,,
2025-03-06,,,SCB,,,113.05999755859375,6233500.0,,,,
2025-03-07,,,SCB,,,113.05999755859375,6318200.0,,,,
2025-03-10,,,SCB,,,113.99053192138672,9766000.0,,,,
2025-03-11,,,SCB,,,115.85160064697266,8358700.0,,,,
2025-03-12,,,SCB,,,115.85160064697266,6375400.0,,,,
2025-03-13,,,SCB,,,115.85160064697266,7066000.0,,,,
2025-03-14,,,SCB,,,114.92106628417969,6833000.0,,,,
2025-03-17,,,SCB,,,114.45580291748047,4765600.0,,,,
2025-03-18,,,SCB,,,115.38633728027344,8730800.0,,,,
2025-03-19,,,SCB,,,116.3168716430664,5928600.0,,,,
2025-03-20,,,SCB,,,115.85160064697266,8874600.0,,,,
2025-03-21,,,SCB,,,116.3168716430664,9524600.0,,,,
2025-03-24,,,SCB,,,115.85160064697266,4902100.0,,,,
2025-03-25,,,SCB,,,116.3168716430664,6032600.0,,,,
2025-03-26,,,SCB,,,116.3168716430664,5791200.0,,,,
2025-03-27,,,SCB,,,117.24740600585938,6668700.0,,,,
2025-03-28,,,SCB,,,116.78213500976562,4365300.0,,,,
2025-03-31,,,SCB,,,114.45580291748047,13702400.0,,,,
2025-04-01,,,SCB,,,115.38633728027344,5052200.0,,,,
2025-04-02,,,SCB,,,115.85160064697266,6700200.0,,,,
2025-04-03,,,SCB,,,115.38633728027344,7052700.0,,,,
2025-04-04,,,SCB,,,113.99053192138672,11692500.0,,,,
2025-04-08,,,SCB,,,106.08098602294922,30207900.0,,,,
2025-04-09,,,SCB,,,110.73365783691406,15611400.0,,,,
2025-04-10,,,SCB,,,113.99053192138672,12177100.0,,,,
2025-04-11,,,SCB,,,113.05999755859375,16882000.0,,,,
2025-04-16,,,SCB,,,113.5,21070400.0,,,,
2025-04-17,,,SCB,,,116.0,11617900.0,,,,
2025-04-18,,,SCB,,,115.0,7020300.0,,,,
2025-04-21,,,SCB,,,112.5,12712200.0,,,,
2025-04-22,,,SCB,,,112.0,18049600.0,,,,
2025-04-23,,,SCB,,,113.5,10075500.0,,,,
2025-04-24,,,SCB,,,116.5,21016600.0,,,,
2025-04-25,,,SCB,,,116.0,10324900.0,,,,
2025-04-28,,,SCB,,,117.0,7776200.0,,,,
2025-04-29,,,SCB,,,117.0,8443200.0,,,,
2025-04-30,,,SCB,,,119.0,15732700.0,,,,
2025-05-02,,,SCB,,,118.5,11398600.0,,,,
2025-05-06,,,SCB,,,119.5,12784600.0,,,,
2025-05-07,,,SCB,,,120.0,11651300.0,,,,
2025-05-08,,,SCB,,,120.5,9232600.0,,,,
2025-05-09,,,SCB,,,119.0,8794500.0,,,,
2025-05-13,,,SCB,,,120.0,7376600.0,,,,
2025-05-14,,,SCB,,,120.0,5812100.0,,,,
2025-05-15,,,SCB,,,119.5,7459500.0,,,,
2025-05-16,,,SCB,,,120.0,7412700.0,,,,
2025-05-19,,,SCB,,,120.0,5860800.0,,,,
2025-05-20,,,SCB,,,122.5,19236100.0,,,,
2025-05-21,,,SCB,,,121.0,9360900.0,,,,
2025-05-22,,,SCB,,,121.0,8808100.0,,,,
2025-05-23,,,SCB,,,122.0,7088900.0,,,,
2025-05-26,,,SCB,,,121.5,3760700.0,,,,
2025-05-27,,,SCB,,,120.0,7579100.0,,,,
2025-05-28,,,SCB,,,119.5,6013000.0,,,,
2025-05-29,,,SCB,,,119.5,9475900.0,,,,
2025-05-30,,,SCB,,,118.5,19922700.0,,,,
2025-06-04,,,SCB,,,116.5,20719500.0,,,,
2025-06-05,,,SCB,,,117.5,9722000.0,,,,
2025-06-06,,,SCB,,,117.0,6913200.0,,,,
2025-06-09,,,SCB,,,117.0,1586300.0,,,,
2025-06-10,,,SCB,,,120.5,12858400.0,,,,
2025-06-11,,,SCB,,,120.5,3328700.0,,,,
2025-06-12,,,SCB,,,118.5,7635700.0,,,,
2025-06-13,,,SCB,,,118.0,8584000.0,,,,
2025-06-16,,,SCB,,,117.5,6811800.0,,,,
2025-06-17,,,SCB,,,118.0,5534200.0,,,,
2025-06-18,,,SCB,,,117.0,6370800.0,,,,
2025-06-19,,,SCB,,,115.5,9518800.0,,,,
2025-06-20,,,SCB,,,116.5,11626900.0,,,,
2025-06-23,,,SCB,,,116.0,6002000.0,,,,
2025-06-24,,,SCB,,,118.5,13109800.0,,,,
2025-06-25,,,SCB,,,118.5,7697000.0,,,,
2025-06-26,,,SCB,,,119.0,12550300.0,,,,
2025-06-27,,,SCB,,,117.5,9529700.0,,,,
2025-06-30,,,SCB,,,117.5,11095700.0,,,,
2025-07-01,,,SCB,,,118.0,13657400.0,,,,
2025-07-02,,,SCB,,,120.0,18563500.0,,,,
2025-07-03,,,SCB,,,120.0,10812500.0,,,,
2025-07-04,,,SCB,,,119.0,8225400.0,,,,
2025-07-07,,,SCB,,,119.0,6481600.0,,,,
2025-07-08,,,SCB,,,118.0,6887600.0,,,,
2025-07-09,,,SCB,,,117.5,6380800.0,,,,
2025-07-11,,,SCB,,,118.0,4985700.0,,,,
2025-07-14,,,SCB,,,119.0,5077700.0,,,,
2025-07-15,,,SCB,,,118.0,11137200.0,,,,
2025-07-16,,,SCB,,,117.5,8329200.0,,,,
2025-07-17,,,SCB,,,118.0,7410800.0,,,,
2025-07-18,,,SCB,,,119.0,10825500.0,,,,
2025-07-21,,,SCB,,,121.0,18861900.0,,,,
2025-07-22,,,SCB,,,121.5,17912700.0,,,,
2025-07-23,,,SCB,,,122.5,10540200.0,,,,
2025-07-24,,,SCB,,,123.5,17991200.0,,,,
2025-07-25,,,SCB,,,124.0,7764200.0,,,,
2025-07-29,,,SCB,,,125.5,15439200.0,,,,
2025-07-30,,,SCB,,,125.5,7418500.0,,,,
2024-01-03,,,CPALL,,,,,53.34959411621094,17781400.0,,
2024-01-04,,,CPALL,,,,,53.588829040527344,21277000.0,,
2024-01-05,,,CPALL,,,,,53.11035919189453,36798200.0,,
2024-01-08,,,CPALL,,,,,52.87112045288086,21102800.0,,
2024-01-09,,,CPALL,,,,,52.15341567993164,16519400.0,,
2024-01-10,,,CPALL,,,,,51.91417694091797,20829200.0,,
2024-01-11,,,CPALL,,,,,51.91417694091797,17469300.0,,
2024-01-12,,,CPALL,,,,,52.63188552856445,22902600.0,,
2024-01-15,,,CPALL,,,,,52.39265060424805,10766100.0,,
2024-01-16,,,CPALL,,,,,51.435707092285156,26773400.0,,
2024-01-17,,,CPALL,,,,,51.435707092285156,20634200.0,,
2024-01-18,,,CPALL,,,,,50.71799850463867,20610400.0,,
2024-01-19,,,CPALL,,,,,51.435707092285156,21256800.0,,
2024-01-22,,,CPALL,,,,,50.239524841308594,26749200.0,,
2024-01-23,,,CPALL,,,,,49.521820068359375,25864000.0,,
2024-01-24,,,CPALL,,,,,50.71799850463867,30111200.0,,
2024-01-25,,,CPALL,,,,,50.71799850463867,11816500.0,,
2024-01-26,,,CPALL,,,,,49.76105499267578,33475000.0,,
2024-01-29,,,CPALL,,,,,50.239524841308594,13634700.0,,
2024-01-30,,,CPALL,,,,,50.239524841308594,13147800.0,,
2024-01-31,,,CPALL,,,,,50.00029373168945,16534200.0,,
2024-02-01,,,CPALL,,,,,50.478763580322266,13319500.0,,
2024-02-02,,,CPALL,,,,,51.91417694091797,26391400.0,,
2024-02-05,,,CPALL,,,,,52.15341567993164,20470400.0,,
2024-02-06,,,CPALL,,,,,53.11035919189453,22153600.0,,
2024-02-07,,,CPALL,,,,,52.87112045288086,18686200.0,,
2024-02-08,,,CPALL,,,,,52.39265060424805,21749800.0,,
2024-02-09,,,CPALL,,,,,51.91417694091797,12721100.0,,
2024-02-12,,,CPALL,,,,,51.435707092285156,9872800.0,,
2024-02-13,,,CPALL,,,,,51.435707092285156,16435700.0,,
2024-02-14,,,CPALL,,,,,51.19647216796875,15008300.0,,
2024-02-15,,,CPALL,,,,,52.15341567993164,39570200.0,,
2024-02-16,,,CPALL,,,,,52.63188552856445,26183700.0,,
2024-02-19,,,CPALL,,,,,52.63188552856445,8569600.0,,
2024-02-20,,,CPALL,,,,,54.067298889160156,36362800.0,,
2024-02-21,,,CPALL,,,,,54.545772552490234,36112500.0,,
2024-02-22,,,CPALL,,,,,54.78500747680664,23628300.0,,
2024-02-23,,,CPALL,,,,,54.78500747680664,28610100.0,,
2024-02-27,,,CPALL,,,,,55.9811897277832,65645500.0,,
2024-02-28,,,CPALL,,,,,55.50271987915039,20566300.0,,
2024-02-29,,,CPALL,,,,,55.02424240112305,36135000.0,,
2024-03-01,,,CPALL,,,,,55.02424240112305,19068400.0,,
2024-03-04,,,CPALL,,,,,53.828067779541016,21957200.0,,
2024-03-05,,,CPALL,,,,,54.30653762817383,19269700.0,,
2024-03-06,,,CPALL,,,,,55.02424240112305,20909700.0,,
2024-03-07,,,CPALL,,,,,55.74195098876953,18626900.0,,
2024-03-08,,,CPALL,,,,,55.26348114013672,24228100.0,,
2024-03-11,,,CPALL,,,,,54.30653762817383,18022700.0,,
2024-03-12,,,CPALL,,,,,54.30653762817383,0.0,,
2024-03-13,,,CPALL,,,,,55.02424240112305,16659300.0,,
2024-03-14,,,CPALL,,,,,54.78500747680664,27745600.0,,
2024-03-15,,,CPALL,,,,,54.78500747680664,0.0,,
2024-03-18,,,CPALL,,,,,53.828067779541016,35737900.0,,
2024-03-19,,,CPALL,,,,,53.828067779541016,22505300.0,,
2024-03-20,,,CPALL,,,,,53.828067779541016,0.0,,
2024-03-21,,,CPALL,,,,,52.39265060424805,58281300.0,,
2024-03-22,,,CPALL,,,,,52.39265060424805,0.0,,
2024-03-25,,,CPALL,,,,,52.15341567993164,23537700.0,,
2024-03-26,,,CPALL,,,,,52.15341567993164,0.0,,
2024-03-27,,,CPALL,,,,,52.39265060424805,6185100.0,,
2024-03-28,,,CPALL,,,,,52.39265060424805,0.0,,
2024-03-29,,,CPALL,,,,,52.39265060424805,3936700.0,,
2024-04-01,,,CPALL,,,,,52.15341567993164,22013700.0,,
2024-04-02,,,CPALL,,,,,51.67494201660156,30159800.0,,
2024-04-03,,,CPALL,,,,,52.63188552856445,46499300.0,,
2024-04-04,,,CPALL,,,,,53.11035919189453,25481600.0,,
2024-04-05,,,CPALL,,,,,53.588829040527344,13944300.0,,
2024-04-09,,,CPALL,,,,,53.828067779541016,35305100.0,,
2024-04-10,,,CPALL,,,,,54.78500747680664,38517900.0,,
2024-04-11,,,CPALL,,,,,54.545772552490234,23522900.0,,
2024-04-17,,,CPALL,,,,,54.545772552490234,0.0,,
2024-04-18,,,CPALL,,,,,54.545772552490234,0.0,,
2024-04-19,,,CPALL,,,,,54.545772552490234,0.0,,
2024-04-22,,,CPALL,,,,,53.11035919189453,22770500.0,,
2024-04-23,,,CPALL,,,,,54.30653762817383,32680000.0,,
2024-04-24,,,CPALL,,,,,54.545772552490234,25777100.0,,
2024-04-25,,,CPALL,,,,,55.26348114013672,31857300.0,,
2024-04-26,,,CPALL,,,,,54.30653762817383,27113700.0,,
2024-04-29,,,CPALL,,,,,54.30653762817383,18111900.0,,
2024-04-30,,,CPALL,,,,,54.30653762817383,0.0,,
2024-05-02,,,CPALL,,,,,56.22042465209961,22967800.0,,
2024-05-03,,,CPALL,,,,,55.74195098876953,20901400.0,,
2024-05-07,,,CPALL,,,,,56.71561050415039,0.0,,
2024-05-08,,,CPALL,,,,,55.98536682128906,25614900.0,,
2024-05-09,,,CPALL,,,,,56.71561050415039,15193800.0,,
2024-05-10,,,CPALL,,,,,57.44585418701172,42574700.0,,
2024-05-13,,,CPALL,,,,,58.906341552734375,80309500.0,,
2024-05-14,,,CPALL,,,,,59.39317321777344,26212200.0,,
2024-05-15,,,CPALL,,,,,59.39317321777344,0.0,,
2024-05-16,,,CPALL,,,,,59.39317321777344,0.0,,
2024-05-17,,,CPALL,,,,,57.44585418701172,31664700.0,,
2024-05-20,,,CPALL,,,,,57.44585418701172,0.0,,
2024-05-21,,,CPALL,,,,,57.68927001953125,26702200.0,,
2024-05-23,,,CPALL,,,,,57.20244216918945,29154000.0,,
2024-05-24,,,CPALL,,,,,57.20244216918945,0.0,,
2024-05-27,,,CPALL,,,,,56.95902633666992,8315100.0,,
2024-05-28,,,CPALL,,,,,56.71561050415039,10816700.0,,
2024-05-29,,,CPALL,,,,,55.255123138427734,37750900.0,,
2024-05-30,,,CPALL,,,,,55.255123138427734,0.0,,
2024-05-31,,,CPALL,,,,,55.255123138427734,0.0,,
2024-06-04,,,CPALL,,,,,55.74195098876953,24443500.0,,
2024-06-05,,,CPALL,,,,,55.74195098876953,0.0,,
2024-06-06,,,CPALL,,,,,56.472198486328125,19487100.0,,
2024-06-07,,,CPALL,,,,,56.472198486328125,0.0,,
2024-06-10,,,CPALL,,,,,55.98536682128906,21005400.0,,
2024-06-11,,,CPALL,,,,,55.498538970947266,23985700.0,,
2024-06-12,,,CPALL,,,,,55.255123138427734,25522800.0,,
2024-06-13,,,CPALL,,,,,54.524879455566406,24561300.0,,
2024-06-14,,,CPALL,,,,,54.524879455566406,11045800.0,,
2024-06-17,,,CPALL,,,,,54.281463623046875,16051200.0,,
2024-06-18,,,CPALL,,,,,53.79463577270508,19826400.0,,
2024-06-19,,,CPALL,,,,,53.79463577270508,0.0,,
2024-06-20,,,CPALL,,,,,52.82097625732422,38488300.0,,
2024-06-21,,,CPALL,,,,,53.06439208984375,47494500.0,,
2024-06-24,,,CPALL,,,,,53.06439208984375,0.0,,
2024-06-25,,,CPALL,,,,,53.06439208984375,0.0,,
2024-06-26,,,CPALL,,,,,53.06439208984375,0.0,,
2024-06-27,,,CPALL,,,,,54.281463623046875,18512700.0,,
2024-06-28,,,CPALL,,,,,53.55121994018555,27646686.0,,
2024-07-01,,,CPALL,,,,,53.55121994018555,0.0,,
2024-07-02,,,CPALL,,,,,53.55121994018555,17627800.0,,
2024-07-03,,,CPALL,,,,,53.79463577270508,13494300.0,,
2024-07-04,,,CPALL,,,,,53.30780792236328,25415300.0,,
2024-07-05,,,CPALL,,,,,54.03805160522461,10248900.0,,
2024-07-08,,,CPALL,,,,,55.0117073059082,24459500.0,,
2024-07-09,,,CPALL,,,,,55.0117073059082,0.0,,
2024-07-10,,,CPALL,,,,,55.98536682128906,30547400.0,,
2024-07-11,,,CPALL,,,,,56.228782653808594,24540100.0,,
2024-07-12,,,CPALL,,,,,56.228782653808594,0.0,,
2024-07-15,,,CPALL,,,,,56.228782653808594,0.0,,
2024-07-16,,,CPALL,,,,,55.255123138427734,13958400.0,,
2024-07-17,,,CPALL,,,,,55.255123138427734,0.0,,
2024-07-18,,,CPALL,,,,,55.98536682128906,19121100.0,,
2024-07-19,,,CPALL,,,,,55.498538970947266,14006200.0,,
2024-07-23,,,CPALL,,,,,55.255123138427734,18599400.0,,
2024-07-24,,,CPALL,,,,,54.524879455566406,24853600.0,,
2024-07-25,,,CPALL,,,,,55.498538970947266,30670000.0,,
2024-07-26,,,CPALL,,,,,55.255123138427734,19356300.0,,
2024-07-30,,,CPALL,,,,,55.255123138427734,0.0,,
2024-07-31,,,CPALL,,,,,56.71561050415039,51228100.0,,
2024-08-01,,,CPALL,,,,,56.472198486328125,25947900.0,,
2024-08-02,,,CPALL,,,,,56.472198486328125,0.0,,
2024-08-05,,,CPALL,,,,,55.0117073059082,40784100.0,,
2024-08-06,,,CPALL,,,,,55.498538970947266,24835600.0,,
2024-08-07,,,CPALL,,,,,55.498538970947266,16722700.0,,
2024-08-08,,,CPALL,,,,,55.498538970947266,0.0,,
2024-08-09,,,CPALL,,,,,56.228782653808594,24131300.0,,
2024-08-13,,,CPALL,,,,,56.472198486328125,26642800.0,,
2024-08-14,,,CPALL,,,,,53.79463577270508,118715100.0,,
2024-08-15,,,CPALL,,,,,53.79463577270508,0.0,,
2024-08-16,,,CPALL,,,,,54.281463623046875,24936500.0,,
2024-08-19,,,CPALL,,,,,55.498538970947266,27836400.0,,
2024-08-20,,,CPALL,,,,,57.44585418701172,75135900.0,,
2024-08-21,,,CPALL,,,,,57.68927001953125,28536000.0,,
2024-08-22,,,CPALL,,,,,57.68927001953125,0.0,,
2024-08-23,,,CPALL,,,,,58.41951370239258,25772300.0,,
2024-08-26,,,CPALL,,,,,58.41951370239258,0.0,,
2024-08-27,,,CPALL,,,,,58.17609786987305,24253700.0,,
2024-08-28,,,CPALL,,,,,58.66292953491211,12272900.0,,
2024-08-29,,,CPALL,,,,,58.17609786987305,13107200.0,,
2024-08-30,,,CPALL,,,,,58.906341552734375,28982400.0,,
2024-09-02,,,CPALL,,,,,58.906341552734375,0.0,,
2024-09-03,,,CPALL,,,,,58.906341552734375,0.0,,
2024-09-04,,,CPALL,,,,,58.906341552734375,0.0,,
2024-09-05,,,CPALL,,,,,61.82732009887695,66487500.0,,
2024-09-06,,,CPALL,,,,,63.531219482421875,80784400.0,,
2024-09-09,,,CPALL,,,,,63.531219482421875,0.0,,
2024-09-10,,,CPALL,,,,,64.01805114746094,34821700.0,,
2024-09-11,,,CPALL,,,,,63.04439163208008,41146600.0,,
2024-09-12,,,CPALL,,,,,62.80097579956055,25292500.0,,
2024-09-13,,,CPALL,,,,,63.04439163208008,17937000.0,,
2024-09-16,,,CPALL,,,,,63.04439163208008,0.0,,
2024-09-17,,,CPALL,,,,,63.04439163208008,0.0,,
2024-09-18,,,CPALL,,,,,63.04439163208008,0.0,,
2024-09-19,,,CPALL,,,,,63.04439163208008,0.0,,
2024-09-20,,,CPALL,,,,,63.28780746459961,38752100.0,,
2024-09-23,,,CPALL,,,,,63.774635314941406,19551300.0,,
2024-09-24,,,CPALL,,,,,64.01805114746094,42767700.0,,
2024-09-25,,,CPALL,,,,,64.26146697998047,33952000.0,,
2024-09-26,,,CPALL,,,,,64.26146697998047,21446600.0,,
2024-09-27,,,CPALL,,,,,64.26146697998047,0.0,,
2024-09-30,,,CPALL,,,,,63.774635314941406,31635500.0,,
2024-10-01,,,CPALL,,,,,63.774635314941406,35332500.0,,
2024-10-02,,,CPALL,,,,,63.531219482421875,20978000.0,,
2024-10-03,,,CPALL,,,,,63.04439163208008,34519800.0,,
2024-10-04,,,CPALL,,,,,63.04439163208008,0.0,,
2024-10-07,,,CPALL,,,,,63.28780746459961,29026500.0,,
2024-10-08,,,CPALL,,,,,63.531219482421875,32179800.0,,
2024-10-09,,,CPALL,,,,,63.774635314941406,21203400.0,,
2024-10-10,,,CPALL,,,,,64.26146697998047,24031700.0,,
2024-10-11,,,CPALL,,,,,63.531219482421875,28520300.0,,
2024-10-15,,,CPALL,,,,,62.80097579956055,32285300.0,,
2024-10-16,,,CPALL,,,,,62.80097579956055,0.0,,
2024-10-17,,,CPALL,,,,,64.01805114746094,25191300.0,,
2024-10-18,,,CPALL,,,,,65.72195434570312,48906000.0,,
2024-10-21,,,CPALL,,,,,65.23512268066406,20436900.0,,
2024-10-22,,,CPALL,,,,,65.23512268066406,0.0,,
2024-10-24,,,CPALL,,,,,62.55756378173828,26455900.0,,
2024-10-25,,,CPALL,,,,,62.55756378173828,0.0,,
2024-10-28,,,CPALL,,,,,62.55756378173828,11804200.0,,
2024-10-29,,,CPALL,,,,,62.55756378173828,0.0,,
2024-10-30,,,CPALL,,,,,62.07073211669922,20735200.0,,
2024-10-31,,,CPALL,,,,,61.58390426635742,19650800.0,,
2024-11-01,,,CPALL,,,,,61.82732009887695,18000900.0,,
2024-11-04,,,CPALL,,,,,62.80097579956055,15153700.0,,
2024-11-05,,,CPALL,,,,,63.28780746459961,15404800.0,,
2024-11-06,,,CPALL,,,,,62.07073211669922,22651600.0,,
2024-11-07,,,CPALL,,,,,62.07073211669922,15104000.0,,
2024-11-08,,,CPALL,,,,,62.31414794921875,21314900.0,,
2024-11-11,,,CPALL,,,,,61.58390426635742,31637100.0,,
2024-11-12,,,CPALL,,,,,61.34048843383789,28186700.0,,
2024-11-13,,,CPALL,,,,,61.34048843383789,28628000.0,,
2024-11-14,,,CPALL,,,,,62.80097579956055,42198800.0,,
2024-11-15,,,CPALL,,,,,62.07073211669922,36710700.0,,
2024-11-18,,,CPALL,,,,,61.58390426635742,17277600.0,,
2024-11-19,,,CPALL,,,,,62.07073211669922,20465700.0,,
2024-11-20,,,CPALL,,,,,61.58390426635742,11038900.0,,
2024-11-21,,,CPALL,,,,,62.31414794921875,18605600.0,,
2024-11-22,,,CPALL,,,,,61.58390426635742,24996200.0,,
2024-11-25,,,CPALL,,,,,61.58390426635742,25268300.0,,
2024-11-26,,,CPALL,,,,,60.61024475097656,15438300.0,,
2024-11-27,,,CPALL,,,,,60.123416900634766,24459000.0,,
2024-11-28,,,CPALL,,,,,60.123416900634766,26300200.0,,
2024-11-29,,,CPALL,,,,,59.6365852355957,25804300.0,,
2024-12-02,,,CPALL,,,,,60.61024475097656,23645100.0,,
2024-12-03,,,CPALL,,,,,62.07073211669922,26242900.0,,
2024-12-04,,,CPALL,,,,,62.31414794921875,14810900.0,,
2024-12-06,,,CPALL,,,,,61.34048843383789,32590300.0,,
2024-12-09,,,CPALL,,,,,61.097076416015625,17791200.0,,
2024-12-11,,,CPALL,,,,,61.34048843383789,17455000.0,,
2024-12-12,,,CPALL,,,,,60.61024475097656,16440600.0,,
2024-12-13,,,CPALL,,,,,60.853660583496094,14931900.0,,
2024-12-16,,,CPALL,,,,,57.44585418701172,111029200.0,,
2024-12-17,,,CPALL,,,,,54.76829528808594,122917800.0,,
2024-12-18,,,CPALL,,,,,55.0117073059082,79686100.0,,
2024-12-19,,,CPALL,,,,,53.06439208984375,57122900.0,,
2024-12-20,,,CPALL,,,,,52.09073257446289,70372000.0,,
2024-12-23,,,CPALL,,,,,54.03805160522461,46327300.0,,
2024-12-24,,,CPALL,,,,,55.255123138427734,38345200.0,,
2024-12-25,,,CPALL,,,,,55.498538970947266,23858700.0,,
2024-12-26,,,CPALL,,,,,55.0117073059082,18961800.0,,
2024-12-27,,,CPALL,,,,,54.76829528808594,21932400.0,,
2024-12-30,,,CPALL,,,,,54.281463623046875,21892800.0,,
2025-01-02,,,CPALL,,,,,54.281463623046875,23841500.0,,
2025-01-03,,,CPALL,,,,,54.76829528808594,16395300.0,,
2025-01-06,,,CPALL,,,,,54.281463623046875,16905400.0,,
2025-01-07,,,CPALL,,,,,54.76829528808594,25178000.0,,
2025-01-08,,,CPALL,,,,,54.524879455566406,18858400.0,,
2025-01-09,,,CPALL,,,,,53.79463577270508,25134400.0,,
2025-01-10,,,CPALL,,,,,54.03805160522461,30537600.0,,
2025-01-13,,,CPALL,,,,,53.06439208984375,18255700.0,,
2025-01-14,,,CPALL,,,,,53.06439208984375,29332200.0,,
2025-01-15,,,CPALL,,,,,54.281463623046875,36274000.0,,
2025-01-16,,,CPALL,,,,,54.524879455566406,27363700.0,,
2025-01-17,,,CPALL,,,,,54.03805160522461,34706700.0,,
2025-01-20,,,CPALL,,,,,54.76829528808594,17376500.0,,
2025-01-21,,,CPALL,,,,,55.255123138427734,26376300.0,,
2025-01-22,,,CPALL,,,,,54.281463623046875,32096000.0,,
2025-01-23,,,CPALL,,,,,53.79463577270508,19348900.0,,
2025-01-24,,,CPALL,,,,,54.03805160522461,17609800.0,,
2025-01-27,,,CPALL,,,,,54.281463623046875,18765800.0,,
2025-01-28,,,CPALL,,,,,55.255123138427734,43459800.0,,
2025-01-29,,,CPALL,,,,,55.0117073059082,10813000.0,,
2025-01-30,,,CPALL,,,,,55.0117073059082,15045800.0,,
2025-01-31,,,CPALL,,,,,50.630245208740234,183484900.0,,
2025-02-03,,,CPALL,,,,,51.11707305908203,98109600.0,,
2025-02-04,,,CPALL,,,,,50.3868293762207,93833200.0,,
2025-02-05,,,CPALL,,,,,48.68292999267578,100278100.0,,
2025-02-06,,,CPALL,,,,,46.248783111572266,154219900.0,,
2025-02-07,,,CPALL,,,,,48.68292999267578,130291100.0,,
2025-02-10,,,CPALL,,,,,48.68292999267578,39580100.0,,
2025-02-11,,,CPALL,,,,,49.41317367553711,45160200.0,,
2025-02-13,,,CPALL,,,,,48.43951416015625,42251400.0,,
2025-02-14,,,CPALL,,,,,48.43951416015625,35210800.0,,
2025-02-17,,,CPALL,,,,,48.92634201049805,40735100.0,,
2025-02-18,,,CPALL,,,,,50.3868293762207,37196100.0,,
2025-02-19,,,CPALL,,,,,49.900001525878906,40399600.0,,
2025-02-20,,,CPALL,,,,,50.873661041259766,33778200.0,,
2025-02-21,,,CPALL,,,,,50.630245208740234,42545300.0,,
2025-02-24,,,CPALL,,,,,50.3868293762207,24024000.0,,
2025-02-25,,,CPALL,,,,,47.95268249511719,68032400.0,,
2025-02-26,,,CPALL,,,,,52.82097625732422,118774200.0,,
2025-02-27,,,CPALL,,,,,50.873661041259766,130070100.0,,
2025-02-28,,,CPALL,,,,,52.57756042480469,85011000.0,,
2025-03-03,,,CPALL,,,,,51.11707305908203,34937000.0,,
2025-03-04,,,CPALL,,,,,51.11707305908203,26012100.0,,
2025-03-05,,,CPALL,,,,,51.11707305908203,35801000.0,,
2025-03-06,,,CPALL,,,,,50.3868293762207,41673600.0,,
2025-03-07,,,CPALL,,,,,50.630245208740234,34458600.0,,
2025-03-10,,,CPALL,,,,,49.16975784301758,30596100.0,,
2025-03-11,,,CPALL,,,,,50.14341735839844,39771300.0,,
2025-03-12,,,CPALL,,,,,49.41317367553711,27690800.0,,
2025-03-13,,,CPALL,,,,,47.95268249511719,36946600.0,,
2025-03-14,,,CPALL,,,,,48.68292999267578,33575500.0,,
2025-03-17,,,CPALL,,,,,47.95268249511719,17540900.0,,
2025-03-18,,,CPALL,,,,,49.16975784301758,28761800.0,,
2025-03-19,,,CPALL,,,,,49.900001525878906,35868800.0,,
2025-03-20,,,CPALL,,,,,49.41317367553711,20212900.0,,
2025-03-21,,,CPALL,,,,,48.92634201049805,29191800.0,,
2025-03-24,,,CPALL,,,,,49.900001525878906,16333300.0,,
2025-03-25,,,CPALL,,,,,48.68292999267578,30016400.0,,
2025-03-26,,,CPALL,,,,,48.68292999267578,11563600.0,,
2025-03-27,,,CPALL,,,,,48.68292999267578,21604300.0,,
2025-03-28,,,CPALL,,,,,48.68292999267578,15295000.0,,
2025-03-31,,,CPALL,,,,,48.19609832763672,21647300.0,,
2025-04-01,,,CPALL,,,,,48.68292999267578,16318600.0,,
2025-04-02,,,CPALL,,,,,49.41317367553711,22542900.0,,
2025-04-03,,,CPALL,,,,,49.656585693359375,19311900.0,,
2025-04-04,,,CPALL,,,,,48.43951416015625,19966100.0,,
2025-04-08,,,CPALL,,,,,46.49219512939453,48793400.0,,
2025-04-09,,,CPALL,,,,,48.92634201049805,37115100.0,,
2025-04-10,,,CPALL,,,,,48.92634201049805,35618500.0,,
2025-04-11,,,CPALL,,,,,49.656585693359375,24527500.0,,
2025-04-16,,,CPALL,,,,,48.68292999267578,53038700.0,,
2025-04-17,,,CPALL,,,,,48.43951416015625,20908900.0,,
2025-04-18,,,CPALL,,,,,48.68292999267578,13720200.0,,
2025-04-21,,,CPALL,,,,,48.43951416015625,40159800.0,,
2025-04-22,,,CPALL,,,,,49.41317367553711,36751900.0,,
2025-04-23,,,CPALL,,,,,48.92634201049805,23259900.0,,
2025-04-24,,,CPALL,,,,,48.43951416015625,31446400.0,,
2025-04-25,,,CPALL,,,,,48.92634201049805,16924700.0,,
2025-04-28,,,CPALL,,,,,48.68292999267578,20946600.0,,
2025-04-29,,,CPALL,,,,,48.92634201049805,18485300.0,,
2025-04-30,,,CPALL,,,,,50.14341735839844,46738000.0,,
2025-05-02,,,CPALL,,,,,49.900001525878906,37341500.0,,
2025-05-06,,,CPALL,,,,,50.75,26279800.0,,
2025-05-07,,,CPALL,,,,,52.25,48489700.0,,
2025-05-08,,,CPALL,,,,,52.75,39173900.0,,
2025-05-09,,,CPALL,,,,,52.25,31320400.0,,
2025-05-13,,,CPALL,,,,,51.5,26435700.0,,
2025-05-14,,,CPALL,,,,,51.0,76011200.0,,
2025-05-15,,,CPALL,,,,,51.75,41757000.0,,
2025-05-16,,,CPALL,,,,,51.0,35061800.0,,
2025-05-19,,,CPALL,,,,,50.5,31109400.0,,
2025-05-20,,,CPALL,,,,,50.75,24922000.0,,
2025-05-21,,,CPALL,,,,,48.5,52716800.0,,
2025-05-22,,,CPALL,,,,,49.0,36483200.0,,
2025-05-23,,,CPALL,,,,,47.75,41833900.0,,
2025-05-26,,,CPALL,,,,,47.75,32046900.0,,
2025-05-27,,,CPALL,,,,,47.5,20773700.0,,
2025-05-28,,,CPALL,,,,,48.25,35046300.0,,
2025-05-29,,,CPALL,,,,,47.5,25280800.0,,
2025-05-30,,,CPALL,,,,,47.0,90856800.0,,
2025-06-04,,,CPALL,,,,,48.25,53577200.0,,
2025-06-05,,,CPALL,,,,,48.0,25580700.0,,
2025-06-06,,,CPALL,,,,,47.5,19597100.0,,
2025-06-09,,,CPALL,,,,,47.25,21007300.0,,
2025-06-10,,,CPALL,,,,,47.25,13746100.0,,
2025-06-11,,,CPALL,,,,,47.0,20430900.0,,
2025-06-12,,,CPALL,,,,,46.75,17719800.0,,
2025-06-13,,,CPALL,,,,,45.0,30013500.0,,
2025-06-16,,,CPALL,,,,,45.0,39982800.0,,
2025-06-17,,,CPALL,,,,,45.0,24532000.0,,
2025-06-18,,,CPALL,,,,,44.5,16082100.0,,
2025-06-19,,,CPALL,,,,,42.5,70571900.0,,
2025-06-20,,,CPALL,,,,,42.5,53419000.0,,
2025-06-23,,,CPALL,,,,,43.25,34994900.0,,
2025-06-24,,,CPALL,,,,,45.0,46331200.0,,
2025-06-25,,,CPALL,,,,,44.75,26840900.0,,
2025-06-26,,,CPALL,,,,,44.5,16029500.0,,
2025-06-27,,,CPALL,,,,,43.5,24425800.0,,
2025-06-30,,,CPALL,,,,,44.0,25820000.0,,
2025-07-01,,,CPALL,,,,,44.5,23024100.0,,
2025-07-02,,,CPALL,,,,,44.75,21224700.0,,
2025-07-03,,,CPALL,,,,,45.0,24300200.0,,
2025-07-04,,,CPALL,,,,,44.75,18512000.0,,
2025-07-07,,,CPALL,,,,,45.5,16708100.0,,
2025-07-08,,,CPALL,,,,,45.25,27051300.0,,
2025-07-09,,,CPALL,,,,,44.5,30588900.0,,
2025-07-11,,,CPALL,,,,,44.5,45796500.0,,
2025-07-14,,,CPALL,,,,,44.75,33122200.0,,
2025-07-15,,,CPALL,,,,,46.0,39702000.0,,
2025-07-16,,,CPALL,,,,,46.25,49254200.0,,
2025-07-17,,,CPALL,,,,,46.5,56582600.0,,
2025-07-18,,,CPALL,,,,,47.5,42663800.0,,
2025-07-21,,,CPALL,,,,,48.25,41271500.0,,
2025-07-22,,,CPALL,,,,,46.75,99378800.0,,
2025-07-23,,,CPALL,,,,,48.0,44657300.0,,
2025-07-24,,,CPALL,,,,,46.75,44012400.0,,
2025-07-25,,,CPALL,,,,,46.5,23721400.0,,
2025-07-29,,,CPALL,,,,,47.25,44982000.0,,
2025-07-30,,,CPALL,,,,,47.75,34245500.0,,
2024-01-03,,,KBANK,,,,,,,120.76185607910156,4784300.0
2024-01-04,,,KBANK,,,,,,,120.31459045410156,8464700.0
2024-01-05,,,KBANK,,,,,,,121.65637969970703,14446000.0
2024-01-08,,,KBANK,,,,,,,118.07825469970703,10643100.0
2024-01-09,,,KBANK,,,,,,,118.52552032470703,13149900.0
2024-01-10,,,KBANK,,,,,,,115.84193420410156,21866600.0
2024-01-11,,,KBANK,,,,,,,115.39466094970703,11470900.0
2024-01-12,,,KBANK,,,,,,,118.52552032470703,15393400.0
2024-01-15,,,KBANK,,,,,,,117.63099670410156,6441900.0
2024-01-16,,,KBANK,,,,,,,116.73646545410156,7334700.0
2024-01-17,,,KBANK,,,,,,,117.18372344970703,12070900.0
2024-01-18,,,KBANK,,,,,,,115.39466094970703,11877800.0
2024-01-19,,,KBANK,,,,,,,112.26380157470703,32356800.0
2024-01-22,,,KBANK,,,,,,,107.7911376953125,58475500.0
2024-01-23,,,KBANK,,,,,,,108.2384033203125,23943600.0
2024-01-24,,,KBANK,,,,,,,109.1329345703125,25774500.0
2024-01-25,,,KBANK,,,,,,,110.0274658203125,17840400.0
2024-01-26,,,KBANK,,,,,,,109.1329345703125,18282300.0
2024-01-29,,,KBANK,,,,,,,109.1329345703125,13611800.0
2024-01-30,,,KBANK,,,,,,,108.68567657470703,6765500.0
2024-01-31,,,KBANK,,,,,,,107.3438720703125,16204200.0
2024-02-01,,,KBANK,,,,,,,106.8966064453125,7526800.0
2024-02-02,,,KBANK,,,,,,,108.68567657470703,10659719.0
2024-02-05,,,KBANK,,,,,,,108.68567657470703,5282600.0
2024-02-06,,,KBANK,,,,,,,109.1329345703125,6822600.0
2024-02-07,,,KBANK,,,,,,,110.47473907470703,12010400.0
2024-02-08,,,KBANK,,,,,,,107.7911376953125,20377900.0
2024-02-09,,,KBANK,,,,,,,106.8966064453125,14682200.0
2024-02-12,,,KBANK,,,,,,,108.2384033203125,4636000.0
2024-02-13,,,KBANK,,,,,,,107.7911376953125,7101200.0
2024-02-14,,,KBANK,,,,,,,107.7911376953125,7319700.0
2024-02-15,,,KBANK,,,,,,,106.4493408203125,14722600.0
2024-02-16,,,KBANK,,,,,,,107.3438720703125,6754800.0
2024-02-19,,,KBANK,,,,,,,106.8966064453125,6096200.0
2024-02-20,,,KBANK,,,,,,,108.68567657470703,8158200.0
2024-02-21,,,KBANK,,,,,,,110.9219970703125,19677900.0
2024-02-22,,,KBANK,,,,,,,111.36927032470703,11831000.0
2024-02-23,,,KBANK,,,,,,,110.9219970703125,11119400.0
2024-02-27,,,KBANK,,,,,,,110.0274658203125,10264200.0
2024-02-28,,,KBANK,,,,,,,110.0274658203125,5852100.0
2024-02-29,,,KBANK,,,,,,,110.0274658203125,8951100.0
2024-03-01,,,KBANK,,,,,,,110.47473907470703,22618200.0
2024-03-04,,,KBANK,,,,,,,110.9219970703125,10229900.0
2024-03-05,,,KBANK,,,,,,,110.47473907470703,6172800.0
2024-03-06,,,KBANK,,,,,,,109.58020782470703,10531400.0
2024-03-07,,,KBANK,,,,,,,109.1329345703125,8976700.0
2024-03-08,,,KBANK,,,,,,,110.47473907470703,5679100.0
2024-03-11,,,KBANK,,,,,,,109.1329345703125,5426300.0
2024-03-12,,,KBANK,,,,,,,109.1329345703125,0.0
2024-03-13,,,KBANK,,,,,,,110.47473907470703,7626800.0
2024-03-14,,,KBANK,,,,,,,111.81653594970703,18934200.0
2024-03-15,,,KBANK,,,,,,,111.81653594970703,0.0
2024-03-18,,,KBANK,,,,,,,110.9219970703125,10391300.0
2024-03-19,,,KBANK,,,,,,,111.36927032470703,15051300.0
2024-03-20,,,KBANK,,,,,,,111.36927032470703,0.0
2024-03-21,,,KBANK,,,,,,,110.47473907470703,10506600.0
2024-03-22,,,KBANK,,,,,,,110.47473907470703,0.0
2024-03-25,,,KBANK,,,,,,,109.1329345703125,9077000.0
2024-03-26,,,KBANK,,,,,,,109.1329345703125,0.0
2024-03-27,,,KBANK,,,,,,,111.36927032470703,4494400.0
2024-03-28,,,KBANK,,,,,,,110.9219970703125,4531700.0
2024-03-29,,,KBANK,,,,,,,110.9219970703125,2387600.0
2024-04-01,,,KBANK,,,,,,,110.9219970703125,2957000.0
2024-04-02,,,KBANK,,,,,,,109.58020782470703,14686500.0
2024-04-03,,,KBANK,,,,,,,109.58020782470703,8869800.0
2024-04-04,,,KBANK,,,,,,,109.58020782470703,0.0
2024-04-05,,,KBANK,,,,,,,110.9219970703125,5047200.0
2024-04-09,,,KBANK,,,,,,,110.9219970703125,0.0
2024-04-10,,,KBANK,,,,,,,112.71106719970703,12710600.0
2024-04-11,,,KBANK,,,,,,,113.15833282470703,12508800.0
2024-04-17,,,KBANK,,,,,,,113.15833282470703,0.0
2024-04-18,,,KBANK,,,,,,,113.15833282470703,0.0
2024-04-19,,,KBANK,,,,,,,113.15833282470703,0.0
2024-04-22,,,KBANK,,,,,,,116.4450912475586,24477100.0
2024-04-23,,,KBANK,,,,,,,117.38416290283203,35033400.0
2024-04-24,,,KBANK,,,,,,,117.38416290283203,0.0
2024-04-25,,,KBANK,,,,,,,118.79276275634766,14254000.0
2024-04-26,,,KBANK,,,,,,,121.14044952392578,32814800.0
2024-04-29,,,KBANK,,,,,,,121.60999298095703,12864300.0
2024-04-30,,,KBANK,,,,,,,121.60999298095703,0.0
2024-05-02,,,KBANK,,,,,,,121.60999298095703,0.0
2024-05-03,,,KBANK,,,,,,,123.01859283447266,8217600.0
2024-05-07,,,KBANK,,,,,,,123.01859283447266,0.0
2024-05-08,,,KBANK,,,,,,,124.42720794677734,13797800.0
2024-05-09,,,KBANK,,,,,,,124.8967514038086,9130000.0
2024-05-10,,,KBANK,,,,,,,125.36627960205078,5466200.0
2024-05-13,,,KBANK,,,,,,,124.8967514038086,8724000.0
2024-05-14,,,KBANK,,,,,,,123.9576644897461,11784400.0
2024-05-15,,,KBANK,,,,,,,123.4881362915039,6686600.0
2024-05-16,,,KBANK,,,,,,,123.4881362915039,0.0
2024-05-17,,,KBANK,,,,,,,125.83582305908203,8410300.0
2024-05-20,,,KBANK,,,,,,,125.83582305908203,0.0
2024-05-21,,,KBANK,,,,,,,125.83582305908203,0.0
2024-05-23,,,KBANK,,,,,,,125.83582305908203,5172900.0
2024-05-24,,,KBANK,,,,,,,125.83582305908203,0.0
2024-05-27,,,KBANK,,,,,,,125.83582305908203,0.0
2024-05-28,,,KBANK,,,,,,,125.36627960205078,4385400.0
2024-05-29,,,KBANK,,,,,,,124.42720794677734,4856000.0
2024-05-30,,,KBANK,,,,,,,124.42720794677734,0.0
2024-05-31,,,KBANK,,,,,,,124.42720794677734,0.0
2024-06-04,,,KBANK,,,,,,,122.07952117919922,5076500.0
2024-06-05,,,KBANK,,,,,,,122.07952117919922,0.0
2024-06-06,,,KBANK,,,,,,,120.20137786865234,8262000.0
2024-06-07,,,KBANK,,,,,,,120.20137786865234,0.0
2024-06-10,,,KBANK,,,,,,,119.7318344116211,4431700.0
2024-06-11,,,KBANK,,,,,,,119.7318344116211,0.0
2024-06-12,,,KBANK,,,,,,,118.32323455810547,6057400.0
2024-06-13,,,KBANK,,,,,,,121.14044952392578,11664800.0
2024-06-14,,,KBANK,,,,,,,122.07952117919922,5284900.0
2024-06-17,,,KBANK,,,,,,,122.07952117919922,0.0
2024-06-18,,,KBANK,,,,,,,122.07952117919922,0.0
2024-06-19,,,KBANK,,,,,,,122.07952117919922,0.0
2024-06-20,,,KBANK,,,,,,,116.91461944580078,10183000.0
2024-06-21,,,KBANK,,,,,,,117.38416290283203,7480800.0
2024-06-24,,,KBANK,,,,,,,117.38416290283203,0.0
2024-06-25,,,KBANK,,,,,,,117.38416290283203,0.0
2024-06-26,,,KBANK,,,,,,,117.38416290283203,0.0
2024-06-27,,,KBANK,,,,,,,118.32323455810547,7505700.0
2024-06-28,,,KBANK,,,,,,,117.85369110107422,8598700.0
2024-07-01,,,KBANK,,,,,,,117.85369110107422,0.0
2024-07-02,,,KBANK,,,,,,,117.85369110107422,0.0
2024-07-03,,,KBANK,,,,,,,118.32323455810547,9635000.0
2024-07-04,,,KBANK,,,,,,,119.7318344116211,6182400.0
2024-07-05,,,KBANK,,,,,,,121.60999298095703,8329000.0
2024-07-08,,,KBANK,,,,,,,122.07952117919922,6597300.0
2024-07-09,,,KBANK,,,,,,,122.07952117919922,0.0
2024-07-10,,,KBANK,,,,,,,122.07952117919922,0.0
2024-07-11,,,KBANK,,,,,,,122.07952117919922,0.0
2024-07-12,,,KBANK,,,,,,,122.07952117919922,0.0
2024-07-15,,,KBANK,,,,,,,122.07952117919922,0.0
2024-07-16,,,KBANK,,,,,,,117.85369110107422,6116700.0
2024-07-17,,,KBANK,,,,,,,117.85369110107422,0.0
2024-07-18,,,KBANK,,,,,,,119.7318344116211,8199900.0
2024-07-19,,,KBANK,,,,,,,119.7318344116211,0.0
2024-07-23,,,KBANK,,,,,,,120.6709213256836,8637000.0
2024-07-24,,,KBANK,,,,,,,119.7318344116211,3903700.0
2024-07-25,,,KBANK,,,,,,,119.2623062133789,5437000.0
2024-07-26,,,KBANK,,,,,,,120.20137786865234,7159100.0
2024-07-30,,,KBANK,,,,,,,120.20137786865234,0.0
2024-07-31,,,KBANK,,,,,,,123.4881362915039,8701800.0
2024-08-01,,,KBANK,,,,,,,124.8967514038086,9648900.0
2024-08-02,,,KBANK,,,,,,,124.8967514038086,0.0
2024-08-05,,,KBANK,,,,,,,121.60999298095703,9436000.0
2024-08-06,,,KBANK,,,,,,,121.14044952392578,6228700.0
2024-08-07,,,KBANK,,,,,,,122.07952117919922,6342900.0
2024-08-08,,,KBANK,,,,,,,122.07952117919922,0.0
2024-08-09,,,KBANK,,,,,,,121.60999298095703,8500300.0
2024-08-13,,,KBANK,,,,,,,124.42720794677734,8190400.0
2024-08-14,,,KBANK,,,,,,,123.01859283447266,8944300.0
2024-08-15,,,KBANK,,,,,,,123.01859283447266,0.0
2024-08-16,,,KBANK,,,,,,,125.36627960205078,12028300.0
2024-08-19,,,KBANK,,,,,,,125.36627960205078,0.0
2024-08-20,,,KBANK,,,,,,,130.0616455078125,17232100.0
2024-08-21,,,KBANK,,,,,,,130.0616455078125,0.0
2024-08-22,,,KBANK,,,,,,,130.0616455078125,0.0
2024-08-23,,,KBANK,,,,,,,130.0616455078125,0.0
2024-08-26,,,KBANK,,,,,,,130.0616455078125,0.0
2024-08-27,,,KBANK,,,,,,,130.0616455078125,0.0
2024-08-28,,,KBANK,,,,,,,130.0616455078125,0.0
2024-08-29,,,KBANK,,,,,,,134.75701904296875,13692200.0
2024-08-30,,,KBANK,,,,,,,134.75701904296875,0.0
2024-09-02,,,KBANK,,,,,,,134.75701904296875,0.0
2024-09-03,,,KBANK,,,,,,,134.75701904296875,0.0
2024-09-04,,,KBANK,,,,,,,134.75701904296875,0.0
2024-09-05,,,KBANK,,,,,,,137.57423400878906,21604700.0
2024-09-06,,,KBANK,,,,,,,137.57423400878906,0.0
2024-09-09,,,KBANK,,,,,,,137.57423400878906,0.0
2024-09-10,,,KBANK,,,,,,,146.02589416503906,18318100.0
2024-09-11,,,KBANK,,,,,,,147.44822692871094,0.0
2024-09-12,,,KBANK,,,,,,,149.8187713623047,16788600.0
2024-09-13,,,KBANK,,,,,,,149.34466552734375,16266400.0
2024-09-16,,,KBANK,,,,,,,149.34466552734375,0.0
2024-09-17,,,KBANK,,,,,,,149.34466552734375,0.0
2024-09-18,,,KBANK,,,,,,,149.34466552734375,0.0
2024-09-19,,,KBANK,,,,,,,149.34466552734375,0.0
2024-09-20,,,KBANK,,,,,,,149.34466552734375,0.0
2024-09-23,,,KBANK,,,,,,,149.34466552734375,0.0
2024-09-24,,,KBANK,,,,,,,148.3964385986328,10151300.0
2024-09-25,,,KBANK,,,,,,,147.92233276367188,7094200.0
2024-09-26,,,KBANK,,,,,,,146.02589416503906,12699100.0
2024-09-27,,,KBANK,,,,,,,146.02589416503906,0.0
2024-09-30,,,KBANK,,,,,,,142.23301696777344,15719100.0
2024-10-01,,,KBANK,,,,,,,142.23301696777344,0.0
2024-10-02,,,KBANK,,,,,,,143.1812286376953,13697200.0
2024-10-03,,,KBANK,,,,,,,143.1812286376953,0.0
2024-10-04,,,KBANK,,,,,,,143.1812286376953,0.0
2024-10-07,,,KBANK,,,,,,,142.23301696777344,8955000.0
2024-10-08,,,KBANK,,,,,,,144.12945556640625,11189600.0
2024-10-09,,,KBANK,,,,,,,144.12945556640625,7531200.0
2024-10-10,,,KBANK,,,,,,,144.6035614013672,6004700.0
2024-10-11,,,KBANK,,,,,,,144.6035614013672,0.0
2024-10-15,,,KBANK,,,,,,,146.02589416503906,12791800.0
2024-10-16,,,KBANK,,,,,,,146.02589416503906,0.0
2024-10-17,,,KBANK,,,,,,,146.02589416503906,0.0
2024-10-18,,,KBANK,,,,,,,143.65533447265625,6815800.0
2024-10-21,,,KBANK,,,,,,,142.23301696777344,10464800.0
2024-10-22,,,KBANK,,,,,,,142.23301696777344,0.0
2024-10-24,,,KBANK,,,,,,,138.91424560546875,14253400.0
2024-10-25,,,KBANK,,,,,,,138.91424560546875,0.0
2024-10-28,,,KBANK,,,,,,,141.2847900390625,3807100.0
2024-10-29,,,KBANK,,,,,,,141.2847900390625,0.0
2024-10-30,,,KBANK,,,,,,,137.9660186767578,6245600.0
2024-10-31,,,KBANK,,,,,,,137.9660186767578,0.0
2024-11-01,,,KBANK,,,,,,,137.9660186767578,0.0
2024-11-04,,,KBANK,,,,,,,138.91424560546875,3859200.0
2024-11-05,,,KBANK,,,,,,,138.91424560546875,5280300.0
2024-11-06,,,KBANK,,,,,,,138.91424560546875,7036900.0
2024-11-07,,,KBANK,,,,,,,140.33657836914062,14130800.0
2024-11-08,,,KBANK,,,,,,,140.81068420410156,8320000.0
2024-11-11,,,KBANK,,,,,,,139.86245727539062,5862000.0
2024-11-12,,,KBANK,,,,,,,139.3883514404297,3739800.0
2024-11-13,,,KBANK,,,,,,,140.33657836914062,3988100.0
2024-11-14,,,KBANK,,,,,,,138.44012451171875,9712900.0
2024-11-15,,,KBANK,,,,,,,139.86245727539062,7013300.0
2024-11-18,,,KBANK,,,,,,,141.2847900390625,11436600.0
2024-11-19,,,KBANK,,,,,,,141.75889587402344,9801000.0
2024-11-20,,,KBANK,,,,,,,140.81068420410156,7821600.0
2024-11-21,,,KBANK,,,,,,,141.2847900390625,4734100.0
2024-11-22,,,KBANK,,,,,,,141.75889587402344,7517700.0
2024-11-25,,,KBANK,,,,,,,142.23301696777344,10919500.0
2024-11-26,,,KBANK,,,,,,,141.75889587402344,4378100.0
2024-11-27,,,KBANK,,,,,,,141.75889587402344,5259600.0
2024-11-28,,,KBANK,,,,,,,142.23301696777344,3829000.0
2024-11-29,,,KBANK,,,,,,,142.70712280273438,6849300.0
2024-12-02,,,KBANK,,,,,,,143.65533447265625,5560600.0
2024-12-03,,,KBANK,,,,,,,145.55178833007812,17862300.0
2024-12-04,,,KBANK,,,,,,,146.97410583496094,16038900.0
2024-12-06,,,KBANK,,,,,,,147.92233276367188,7544400.0
2024-12-09,,,KBANK,,,,,,,148.3964385986328,17093200.0
2024-12-11,,,KBANK,,,,,,,146.5,9896700.0
2024-12-12,,,KBANK,,,,,,,148.3964385986328,14244300.0
2024-12-13,,,KBANK,,,,,,,149.8187713623047,12712800.0
2024-12-16,,,KBANK,,,,,,,148.87054443359375,6012300.0
2024-12-17,,,KBANK,,,,,,,145.55178833007812,7103900.0
2024-12-18,,,KBANK,,,,,,,146.5,6805500.0
2024-12-19,,,KBANK,,,,,,,146.02589416503906,9570200.0
2024-12-20,,,KBANK,,,,,,,144.6035614013672,8415000.0
2024-12-23,,,KBANK,,,,,,,146.5,3977100.0
2024-12-24,,,KBANK,,,,,,,146.5,4055400.0
2024-12-25,,,KBANK,,,,,,,147.92233276367188,5148300.0
2024-12-26,,,KBANK,,,,,,,148.87054443359375,5345000.0
2024-12-27,,,KBANK,,,,,,,147.92233276367188,4968800.0
2024-12-30,,,KBANK,,,,,,,147.44822692871094,3799000.0
2025-01-02,,,KBANK,,,,,,,146.97410583496094,4245400.0
2025-01-03,,,KBANK,,,,,,,146.5,4680900.0
2025-01-06,,,KBANK,,,,,,,149.8187713623047,14872100.0
2025-01-07,,,KBANK,,,,,,,151.24110412597656,17842000.0
2025-01-08,,,KBANK,,,,,,,150.76699829101562,8232500.0
2025-01-09,,,KBANK,,,,,,,151.7152099609375,7735600.0
2025-01-10,,,KBANK,,,,,,,151.24110412597656,7861400.0
2025-01-13,,,KBANK,,,,,,,153.6116485595703,15461000.0
2025-01-14,,,KBANK,,,,,,,153.6116485595703,10592100.0
2025-01-15,,,KBANK,,,,,,,155.0339813232422,12327400.0
2025-01-16,,,KBANK,,,,,,,153.13754272460938,10688900.0
2025-01-17,,,KBANK,,,,,,,152.66343688964844,10076900.0
2025-01-20,,,KBANK,,,,,,,151.7152099609375,6400800.0
2025-01-21,,,KBANK,,,,,,,150.29287719726562,16189700.0
2025-01-22,,,KBANK,,,,,,,151.24110412597656,15493300.0
2025-01-23,,,KBANK,,,,,,,150.76699829101562,7935100.0
2025-01-24,,,KBANK,,,,,,,150.29287719726562,7187400.0
2025-01-27,,,KBANK,,,,,,,150.76699829101562,3671800.0
2025-01-28,,,KBANK,,,,,,,152.66343688964844,8451500.0
2025-01-29,,,KBANK,,,,,,,151.7152099609375,3237800.0
2025-01-30,,,KBANK,,,,,,,153.13754272460938,3399500.0
2025-01-31,,,KBANK,,,,,,,152.18931579589844,6842700.0
2025-02-03,,,KBANK,,,,,,,150.76699829101562,17880100.0
2025-02-04,,,KBANK,,,,,,,154.55987548828125,15268600.0
2025-02-05,,,KBANK,,,,,,,152.18931579589844,12780300.0
2025-02-06,,,KBANK,,,,,,,152.66343688964844,6949700.0
2025-02-07,,,KBANK,,,,,,,151.7152099609375,9085500.0
2025-02-10,,,KBANK,,,,,,,150.76699829101562,11391500.0
2025-02-11,,,KBANK,,,,,,,149.8187713623047,8678800.0
2025-02-13,,,KBANK,,,,,,,146.97410583496094,15517900.0
2025-02-14,,,KBANK,,,,,,,145.55178833007812,14832900.0
2025-02-17,,,KBANK,,,,,,,149.8187713623047,7553300.0
2025-02-18,,,KBANK,,,,,,,154.0857696533203,18086600.0
2025-02-19,,,KBANK,,,,,,,155.0339813232422,12832700.0
2025-02-20,,,KBANK,,,,,,,155.50808715820312,13808500.0
2025-02-21,,,KBANK,,,,,,,150.76699829101562,13115600.0
2025-02-24,,,KBANK,,,,,,,149.34466552734375,7658900.0
2025-02-25,,,KBANK,,,,,,,146.5,10564100.0
2025-02-26,,,KBANK,,,,,,,142.23301696777344,19549200.0
2025-02-27,,,KBANK,,,,,,,143.65533447265625,14083700.0
2025-02-28,,,KBANK,,,,,,,143.65533447265625,14197400.0
2025-03-03,,,KBANK,,,,,,,144.6035614013672,10293600.0
2025-03-04,,,KBANK,,,,,,,144.6035614013672,8198900.0
2025-03-05,,,KBANK,,,,,,,143.65533447265625,8062400.0
2025-03-06,,,KBANK,,,,,,,140.81068420410156,7729600.0
2025-03-07,,,KBANK,,,,,,,140.33657836914062,13978700.0
2025-03-10,,,KBANK,,,,,,,140.33657836914062,9528600.0
2025-03-11,,,KBANK,,,,,,,142.70712280273438,10790100.0
2025-03-12,,,KBANK,,,,,,,143.1812286376953,11376800.0
2025-03-13,,,KBANK,,,,,,,141.75889587402344,9413300.0
2025-03-14,,,KBANK,,,,,,,141.2847900390625,11218900.0
2025-03-17,,,KBANK,,,,,,,144.6035614013672,20065300.0
2025-03-18,,,KBANK,,,,,,,147.92233276367188,16730500.0
2025-03-19,,,KBANK,,,,,,,149.34466552734375,14366400.0
2025-03-20,,,KBANK,,,,,,,152.18931579589844,19028400.0
2025-03-21,,,KBANK,,,,,,,155.50808715820312,12279500.0
2025-03-24,,,KBANK,,,,,,,154.0857696533203,6904700.0
2025-03-25,,,KBANK,,,,,,,153.6116485595703,6908100.0
2025-03-26,,,KBANK,,,,,,,154.0857696533203,7610600.0
2025-03-27,,,KBANK,,,,,,,155.98220825195312,9192200.0
2025-03-28,,,KBANK,,,,,,,155.50808715820312,3436000.0
2025-03-31,,,KBANK,,,,,,,153.13754272460938,13479100.0
2025-04-01,,,KBANK,,,,,,,155.0339813232422,9221200.0
2025-04-02,,,KBANK,,,,,,,155.50808715820312,7958300.0
2025-04-03,,,KBANK,,,,,,,153.13754272460938,17892800.0
2025-04-04,,,KBANK,,,,,,,151.24110412597656,20567500.0
2025-04-08,,,KBANK,,,,,,,138.44012451171875,32198800.0
2025-04-09,,,KBANK,,,,,,,141.75889587402344,21687900.0
2025-04-10,,,KBANK,,,,,,,144.12945556640625,25569800.0
2025-04-11,,,KBANK,,,,,,,143.1812286376953,16745900.0
2025-04-16,,,KBANK,,,,,,,146.5,25077000.0
2025-04-17,,,KBANK,,,,,,,151.0,18873000.0
2025-04-18,,,KBANK,,,,,,,148.5,12582500.0
2025-04-21,,,KBANK,,,,,,,148.5,16246800.0
2025-04-22,,,KBANK,,,,,,,149.0,16500600.0
2025-04-23,,,KBANK,,,,,,,151.5,12693100.0
2025-04-24,,,KBANK,,,,,,,154.0,21759800.0
2025-04-25,,,KBANK,,,,,,,154.0,11789200.0
2025-04-28,,,KBANK,,,,,,,154.5,10870500.0
2025-04-29,,,KBANK,,,,,,,154.5,9608900.0
2025-04-30,,,KBANK,,,,,,,159.5,28337900.0
2025-05-02,,,KBANK,,,,,,,159.0,12792900.0
2025-05-06,,,KBANK,,,,,,,162.0,23598600.0
2025-05-07,,,KBANK,,,,,,,164.5,18447700.0
2025-05-08,,,KBANK,,,,,,,165.0,8272800.0
2025-05-09,,,KBANK,,,,,,,164.5,12658100.0
2025-05-13,,,KBANK,,,,,,,164.0,21506900.0
2025-05-14,,,KBANK,,,,,,,164.0,13157600.0
2025-05-15,,,KBANK,,,,,,,162.0,9485900.0
2025-05-16,,,KBANK,,,,,,,163.5,11854600.0
2025-05-19,,,KBANK,,,,,,,163.5,16526600.0
2025-05-20,,,KBANK,,,,,,,167.5,42753000.0
2025-05-21,,,KBANK,,,,,,,164.5,28535500.0
2025-05-22,,,KBANK,,,,,,,164.0,22234400.0
2025-05-23,,,KBANK,,,,,,,164.0,15891800.0
2025-05-26,,,KBANK,,,,,,,163.5,6140700.0
2025-05-27,,,KBANK,,,,,,,161.0,20107400.0
2025-05-28,,,KBANK,,,,,,,156.0,29820700.0
2025-05-29,,,KBANK,,,,,,,154.5,14575500.0
2025-05-30,,,KBANK,,,,,,,154.0,15823100.0
2025-06-04,,,KBANK,,,,,,,152.5,12553700.0
2025-06-05,,,KBANK,,,,,,,156.5,21604400.0
2025-06-06,,,KBANK,,,,,,,155.0,7627900.0
2025-06-09,,,KBANK,,,,,,,155.0,5699700.0
2025-06-10,,,KBANK,,,,,,,156.0,10252100.0
2025-06-11,,,KBANK,,,,,,,156.0,6662700.0
2025-06-12,,,KBANK,,,,,,,152.5,13591500.0
2025-06-13,,,KBANK,,,,,,,152.5,24947000.0
2025-06-16,,,KBANK,,,,,,,152.5,17132900.0
2025-06-17,,,KBANK,,,,,,,153.5,8017300.0
2025-06-18,,,KBANK,,,,,,,151.0,13396000.0
2025-06-19,,,KBANK,,,,,,,148.5,18585700.0
2025-06-20,,,KBANK,,,,,,,151.5,15151900.0
2025-06-23,,,KBANK,,,,,,,152.0,7646200.0
2025-06-24,,,KBANK,,,,,,,155.0,11259900.0
2025-06-25,,,KBANK,,,,,,,154.5,10011400.0
2025-06-26,,,KBANK,,,,,,,155.5,10355100.0
2025-06-27,,,KBANK,,,,,,,154.0,8215100.0
2025-06-30,,,KBANK,,,,,,,153.5,10492200.0
2025-07-01,,,KBANK,,,,,,,154.5,14112300.0
2025-07-02,,,KBANK,,,,,,,155.5,12880400.0
2025-07-03,,,KBANK,,,,,,,155.5,11157800.0
2025-07-04,,,KBANK,,,,,,,156.0,4598300.0
2025-07-07,,,KBANK,,,,,,,156.5,7592900.0
2025-07-08,,,KBANK,,,,,,,156.5,10218600.0
2025-07-09,,,KBANK,,,,,,,157.5,12869300.0
2025-07-11,,,KBANK,,,,,,,157.5,12946300.0
2025-07-14,,,KBANK,,,,,,,158.5,5755800.0
2025-07-15,,,KBANK,,,,,,,156.5,14235100.0
2025-07-16,,,KBANK,,,,,,,157.0,11988200.0
2025-07-17,,,KBANK,,,,,,,158.0,10949400.0
2025-07-18,,,KBANK,,,,,,,160.0,17397000.0
2025-07-21,,,KBANK,,,,,,,160.5,15300000.0
2025-07-22,,,KBANK,,,,,,,158.0,29010000.0
2025-07-23,,,KBANK,,,,,,,159.5,12229700.0
2025-07-24,,,KBANK,,,,,,,160.5,15291900.0
2025-07-25,,,KBANK,,,,,,,159.0,6648700.0
2025-07-29,,,KBANK,,,,,,,160.5,8573200.0
2025-07-30,,,KBANK,,,,,,,160.5,8178900.0
